Timestamp,Primary 10-meter Scalar Wind Speed (m/s),Primary 10-meter Scalar Wind Direction (degrees),Primary 10-meter Wind Direction Standard Deviation (degrees),Primary 10-meter Vertical Wind Speed (m/s),Primary 10-meter Vertical Wind Speed Standard Deviation(m/s),Primary 2 m Temperature (C),Primary 10 m Temperature (C),Primary 10-2 m Temperature Difference (C),Primary Relative Humidity (%),Primary Total Solar Radiation,Primary Barometric Pressure (mb),junk
2/19/2019 0:00,7.625,284.7,3.112,1.046,0.23,-15.974,-16.022,-0.048,87.9,0,745.9,AF
2/19/2019 1:00,8.62,283.9,3.061,1.181,0.254,-15.654,-15.663,-0.009,88.3,0,746.7,AF
2/19/2019 2:00,10.4,283.7,3.114,1.442,0.315,-15.13,-15.149,-0.019,88.7,0,747.6,AF
2/19/2019 3:00,11.18,288.9,3.45,1.604,0.331,-15.002,-15.021,-0.019,88.9,0,748.6,AF
2/19/2019 4:00,9.8,300.4,3.294,1.401,0.277,-14.336,-14.328,0.008,89.6,0,749.7,AF
2/19/2019 5:00,9.64,298.6,3.725,1.377,0.285,-13.965,-13.981,-0.016,89.9,0,751.1,AF
2/19/2019 6:00,10.06,322.1,4.388,1.311,0.328,-13.927,-13.956,-0.029,89.6,0,752.4,AF
2/19/2019 7:00,11.1,313.1,3.685,1.519,0.339,-14.899,-14.88,0.019,88.8,0,754.1,AF
2/19/2019 8:00,11.42,301.5,3.82,1.624,0.337,-14.976,-14.803,0.173,89.1,0,755.6,AF
2/19/2019 9:00,13.56,300,3.684,2.033,0.411,-14.311,-14.212,0.099,89.7,0.215,756.8,AF
2/19/2019 10:00,13.64,293.8,3.698,2.112,0.427,-15.999,-16.125,-0.126,87.3,4.992,758.4,AF
2/19/2019 11:00,12.74,286.4,3.99,1.897,0.434,-18.43,-18.627,-0.197,85.5,22.316,760,AF
2/19/2019 12:00,14.22,285.3,3.72,2.205,0.462,-19.735,-19.987,-0.252,84.4,55.156,761.3,AF
2/19/2019 13:00,12.58,282,4.111,1.905,0.408,-20.976,-21.219,-0.243,83.1,92.56,762.7,AF
2/19/2019 14:00,12.53,283.1,3.67,1.914,0.373,-21.91,-21.925,-0.015,82.4,145.695,763.6,AF
2/19/2019 15:00,11.09,280.2,4.218,1.656,0.357,-22.37,-22.207,0.163,82.1,142.296,764.4,AF
2/19/2019 16:00,10.5,272.2,5.315,1.459,0.298,-22.716,-22.528,0.188,81.6,100.217,765.2,AF
2/19/2019 17:00,9.79,269.5,6.359,1.352,0.315,-23.24,-23.042,0.198,81.5,41.017,765.8,AF
2/19/2019 18:00,8.16,256.8,7.841,1.022,0.389,-23.394,-23.093,0.301,81.6,9.351,766.3,AF
2/19/2019 19:00,6.18,253,8.22,0.694,0.262,-23.765,-23.247,0.518,81.4,0.215,766.9,AF
2/19/2019 20:00,5.325,254,6.68,0.582,0.156,-24.52,-23.478,1.042,80.4,0,767.1,AF
2/19/2019 21:00,4.726,236.7,9.26,0.436,0.164,-24.532,-23.35,1.182,81.4,-0.102,767.1,AF
2/19/2019 22:00,4.766,197.1,11.18,0.402,0.186,-25.006,-23.17,1.836,80.4,0,766.8,AF
2/19/2019 23:00,4.498,201.4,5.231,0.45,0.137,-24.712,-22.233,2.479,81.2,-0.102,766.7,AF
2/20/2019 0:00,4.073,194.3,7.722,0.423,0.183,-24.571,-22.002,2.569,81.5,-0.102,766.6,AF
2/20/2019 1:00,2.701,185.3,6.019,0.203,0.188,-24.507,-22.053,2.454,82,0,766.6,AF
2/20/2019 2:00,1.754,165.9,9.33,0.115,0.12,-25.21,-22.746,2.464,80.8,0.102,766.5,AF
2/20/2019 3:00,2.215,161,5.82,0.093,0.11,-25.505,-23.054,2.451,80.8,0.102,766.1,AF
2/20/2019 4:00,1.844,143.9,4.986,0.078,0.038,-25.594,-22.939,2.655,80.9,0.102,765.7,AF
2/20/2019 5:00,3.044,150.1,5.543,0.083,0.072,-25.057,-21.81,3.247,80.8,0.215,765.4,AF
2/20/2019 6:00,4.604,153.7,3.908,0.189,0.216,-25.441,-22.272,3.169,80.8,0.102,764.8,AF
2/20/2019 7:00,4.469,179.6,3.175,0.379,0.177,-23.573,-19.615,3.958,83.1,0.102,764.2,AF
2/20/2019 8:00,3.191,191.2,11.78,0.336,0.164,-23.279,-19.461,3.818,81.5,-0.102,763.7,AF
2/20/2019 9:00,4.066,184.3,7.062,0.331,0.166,-22.537,-17.908,4.629,82.8,0.429,763.1,AF
2/20/2019 10:00,4.577,182.6,3.804,0.45,0.143,-22.012,-18.062,3.95,81.7,14.772,762.3,AF
2/20/2019 11:00,BL,BL,BL,BL,BL,BL,BL,BL,BL,BL,BL,AF
2/20/2019 12:00,BL,BL,BL,BL,BL,BL,BL,BL,BL,BL,BL,AF
2/20/2019 13:00,BL,BL,BL,BL,BL,BL,BL,BL,BL,BL,BL,AF
2/20/2019 14:00,BL,BL,BL,BL,BL,BL,BL,BL,BL,BL,BL,AF
2/20/2019 15:00,BL,BL,BL,BL,BL,BL,BL,BL,BL,BL,BL,AF
2/20/2019 16:00,BL,BL,BL,BL,BL,BL,BL,BL,BL,BL,BL,AF
2/20/2019 17:00,BL,BL,BL,BL,BL,BL,BL,BL,BL,BL,BL,AF
2/20/2019 18:00,BL,BL,BL,BL,BL,BL,BL,BL,BL,BL,BL,AF
2/20/2019 19:00,2.035,126,6.149,0.139,0.117,-22.13,-18.12,4.014,81.6,0.211,758.5,AF
2/20/2019 20:00,3.124,149.6,5.382,0.005,0.093,-22.7,-18.68,4.026,82,0.135,758.2,AF
2/20/2019 21:00,1.089,280.9,30.29,0.133,0.105,-23.36,-20.55,2.806,80.9,-0.185,758,AF
2/20/2019 22:00,0.786,306.7,12.52,0.09,0.059,-23.81,-22.25,1.558,81.6,-0.147,757.8,AF
2/20/2019 23:00,0.818,339.4,37.2,0.075,0.039,-24.37,-21.41,2.957,80.5,-0.149,757.6,AF
2/21/2019 0:00,1.516,293.3,11.64,0.155,0.11,-25.82,-23.31,2.503,80.1,-0.111,757.6,AF
2/21/2019 1:00,0.589,9.19,28.41,0.084,0.086,-24.72,-22.94,1.777,81.6,-0.055,757.5,AF
2/21/2019 2:00,0.779,315.7,31.86,0.093,0.072,-25.52,-24,1.512,80.4,-0.225,757.6,AF
2/21/2019 3:00,0.799,185,27.93,0.088,0.086,-26.06,-24.29,1.766,80.6,-0.008,757.6,AF
2/21/2019 4:00,1.169,236.6,22.16,0.145,0.112,-26.13,-23.52,2.616,80.1,-0.021,757.4,AF
2/21/2019 5:00,1.295,288.6,19.46,0.122,0.095,-26.16,-23.47,2.695,80.3,-0.046,757.3,AF
2/21/2019 6:00,0.939,281.2,19.21,0.106,0.081,-26.51,-24.42,2.085,80,-0.09,757.5,AF
2/21/2019 7:00,2.085,340.2,19.78,0.116,0.097,-27.82,-25.98,1.848,79.36,-0.155,757.7,AF
2/21/2019 8:00,2.204,23.19,5.307,0.068,0.103,-27.69,-26.23,1.462,79.78,0.023,758,AF
2/21/2019 9:00,2.06,61.93,14.04,0.093,0.089,-28.58,-27.82,0.764,78.74,0.447,758.1,AF
2/21/2019 10:00,1.757,70.49,25.54,0.078,0.084,-29.28,-28.05,1.235,77.99,12.14,758.5,AF
2/21/2019 11:00,0.809,42.96,10.91,0.07,0.044,-28.54,-27.53,1.009,78.1,53.09,759,AF
2/21/2019 12:00,1.182,57.55,41.68,0.087,0.078,-26.16,-24.92,1.244,76.13,127,759.2,AF
2/21/2019 13:00,1.815,15.77,9.81,0.073,0.062,-26.81,-25.22,1.581,77.43,134.6,759.5,AF
2/21/2019 14:00,3.421,40.42,4.579,0.218,0.16,-24.06,-23.29,0.768,82.4,101.9,759.9,AF
2/21/2019 15:00,2.94,57.01,7.715,0.166,0.134,-21.47,-21.31,0.161,82.8,76.95,760.2,AF
2/21/2019 16:00,2.561,107.2,17.73,0.152,0.109,-20.36,-19.53,0.829,84,49.6,760.3,AF
2/21/2019 17:00,1.801,38.59,8.12,0.166,0.111,-19.95,-20.28,-0.329,83.9,26.22,760.7,AF
2/21/2019 18:00,1.464,33.19,4.963,0.148,0.101,-19.54,-19.73,-0.186,84.6,6.822,760.9,AF
2/21/2019 19:00,0.457,51.7,9.85,0.088,0.062,-19.28,-19.38,-0.101,84.8,0.31,761.2,AF
2/21/2019 20:00,0,0,0,0.094,0.073,-19.75,-19.62,0.132,84.5,-0.017,761.6,AF
2/21/2019 21:00,0.401,67.99,5.74,0.084,0.067,-19.55,-19.28,0.265,84.7,0.026,761.8,AF
2/21/2019 22:00,1.789,61.56,3.331,0.116,0.082,-18.68,-18.35,0.336,85.8,0.032,761.9,AF
2/21/2019 23:00,2.973,74.27,3.857,0.103,0.083,-18.25,-18.24,0.014,85.9,-0.004,762.2,AF
2/22/2019 0:00,3.868,88.3,3.921,0.057,0.116,-18.36,-18.38,-0.023,85.9,-0.01,762.4,AF
2/22/2019 1:00,4.455,95.3,3.792,0.143,0.148,-18.38,-18.43,-0.049,86,-0.017,762.4,AF
2/22/2019 2:00,4.54,97.2,3.64,0.23,0.141,-18.9,-19.02,-0.116,85.4,-0.05,762.6,AF
2/22/2019 3:00,4.353,97.6,4.119,0.181,0.159,-19.66,-19.7,-0.034,84.8,-0.051,762.8,AF
2/22/2019 4:00,3.335,109.4,3.89,0.359,0.108,-21.47,-21.25,0.22,83.3,-0.084,762.9,AF
2/22/2019 5:00,2.597,108.5,3.641,0.321,0.104,-23.95,-23.74,0.207,81.4,-0.082,762.9,AF
2/22/2019 6:00,3.671,102.7,4.499,0.292,0.114,-26.43,-26.02,0.416,79.7,-0.057,762.8,AF
2/22/2019 7:00,3.45,108.8,7.617,0.286,0.11,-28.03,-27.67,0.365,78.56,-0.033,762.8,AF
2/22/2019 8:00,3.838,93.9,7.901,0.093,0.182,-29.19,-28.69,0.495,77.82,-0.02,762.5,AF
2/22/2019 9:00,3.172,106.1,6.302,0.258,0.126,-29.9,-29.49,0.407,77.28,0.525,762.5,AF
2/22/2019 10:00,3.344,107.9,6.148,0.285,0.134,-29.96,-29.56,0.402,77.12,18.12,762.5,AF
2/22/2019 11:00,3.191,125,5.262,0.424,0.103,-28.39,-28.09,0.3,77.3,64.47,762.2,AF
2/22/2019 12:00,3.96,130,4.108,0.511,0.103,-27.22,-26.68,0.54,77.93,127.6,762,AF
2/22/2019 13:00,2.613,120.4,5.789,0.403,0.109,-26.52,-24.84,1.679,78.84,194.8,762,AF
2/22/2019 14:00,2.608,119.1,7.274,0.488,0.128,-25.77,-23.37,2.394,79.46,214,761.9,AF
2/22/2019 15:00,3.274,122.2,5.773,0.64,0.1,-25.05,-23.09,1.96,79.99,189.1,761.5,AF
2/22/2019 16:00,2.7,115.5,4.872,0.505,0.093,-24.79,-22.39,2.398,80.3,143.6,761.2,AF
2/22/2019 17:00,3.202,117.9,7.043,0.555,0.128,-23.73,-21.42,2.313,81.5,87.9,760.6,AF
2/22/2019 18:00,2.102,132.4,14.66,0.352,0.169,-24.15,-20.8,3.355,81,9.34,760.5,AF
2/22/2019 19:00,3.387,130,6.126,0.537,0.12,-22.31,-18.41,3.9,83.3,0.393,760.2,AF
2/22/2019 20:00,5.137,140.8,4.146,0.611,0.139,-19.1,-16.82,2.287,85,0.028,759.8,AF
2/22/2019 21:00,5.984,149.6,3.701,0.361,0.224,-17.12,-15.2,1.925,85.3,0.006,759.5,AF
2/22/2019 22:00,6.818,150.9,1.763,0.38,0.208,-15.29,-14.02,1.271,85.1,0.088,759.1,AF
2/22/2019 23:00,6.246,143.3,4.542,0.53,0.183,-13.04,-12.25,0.785,86.1,0.072,758.5,AF
2/23/2019 0:00,6.66,159.8,4.261,0.153,0.235,-11.2,-10.55,0.654,87.5,0.095,758.3,AF
2/23/2019 1:00,7.806,170.5,3.977,0.392,0.313,-8.96,-8.2,0.769,89.1,0.065,758,AF
2/23/2019 2:00,9.52,173.2,3.445,0.656,0.354,-7.601,-6.807,0.793,89.2,0.013,757.6,AF
2/23/2019 3:00,10.6,178.1,2.803,0.845,0.297,-6.426,-5.579,0.846,89.2,0.02,757.3,AF
2/23/2019 4:00,10.79,181.4,3.621,0.803,0.337,-5.351,-4.567,0.784,89.2,0.018,757.1,AF
2/23/2019 5:00,10.54,183.9,4.069,0.764,0.325,-4.771,-4.092,0.678,88.5,-0.004,757.1,AF
2/23/2019 6:00,10.65,186.7,3.965,0.807,0.336,-4.561,-3.942,0.619,87.1,-0.036,757,AF
2/23/2019 7:00,9.01,198.1,3.48,0.824,0.277,-4.763,-4.233,0.53,89.1,-0.021,757.1,AF
2/23/2019 8:00,8.3,208.6,3.613,0.783,0.23,-4.585,-3.947,0.638,87.9,-0.046,757.3,AF
2/23/2019 9:00,8.04,207.2,4.041,0.752,0.286,-4.927,-4.331,0.596,88.8,0.468,757.2,AF
2/23/2019 10:00,7.301,219.1,5.654,0.642,0.252,-4.849,-4.344,0.505,89.2,11.02,757.6,AF
2/23/2019 11:00,9.79,221,4.921,0.882,0.324,-4.084,-3.654,0.43,88.8,38.41,757.8,AF
2/23/2019 12:00,9.06,223.1,4.649,0.815,0.304,-3.906,-3.609,0.297,89,72.32,758,AF
2/23/2019 13:00,8.82,213.9,8.78,0.798,0.416,-3.815,-3.443,0.373,87.7,79.47,758.3,AF
2/23/2019 14:00,8.42,218.5,11.8,0.84,0.394,-3.729,-3.271,0.459,88,122.4,758.7,AF
2/23/2019 15:00,8.57,229.1,4.696,0.869,0.233,-3.247,-2.801,0.445,87.4,106.1,759,AF
2/23/2019 16:00,7.239,219.8,4.528,0.664,0.172,-3.98,-3.421,0.559,88.9,78.73,759.5,AF
2/23/2019 17:00,6.793,211.4,5.612,0.59,0.165,-5.315,-4.419,0.897,89.6,39.61,759.6,AF
2/23/2019 18:00,7.227,210.2,3.975,0.632,0.153,-6.158,-5.021,1.136,90.7,11.2,759.9,AF
2/23/2019 19:00,6.473,208.5,4.752,0.578,0.126,-6.007,-4.835,1.173,91.2,0.357,760.3,AF
2/23/2019 20:00,6.139,205.8,3.942,0.546,0.103,-5.861,-4.527,1.333,90.7,-0.074,760.4,AF
2/23/2019 21:00,5.316,185.2,3.558,0.39,0.155,-7.655,-5.532,2.123,88.6,-0.101,760.5,AF
2/23/2019 22:00,6.027,179.4,3.833,0.353,0.191,-8.75,-6.76,1.986,86.7,-0.022,760.6,AF
2/23/2019 23:00,5.988,191.5,3.006,0.445,0.13,-8.08,-6.397,1.683,85.2,-0.074,760.7,AF
2/24/2019 0:00,6.233,190.5,3.836,0.494,0.133,-8.16,-5.872,2.285,84.2,-0.079,760.7,AF
2/24/2019 1:00,6.98,195,2.465,0.554,0.126,-7.93,-6.008,1.922,84.8,-0.075,760.7,AF
2/24/2019 2:00,6.542,196.3,2.826,0.541,0.116,-7.911,-5.85,2.061,86.9,-0.048,760.8,AF
2/24/2019 3:00,5.803,188.6,2.833,0.45,0.105,-7.271,-5.338,1.933,87.9,-0.062,760.9,AF
2/24/2019 4:00,4.69,186.2,8.2,0.385,0.198,-7.309,-5.439,1.87,88.4,-0.05,760.8,AF
2/24/2019 5:00,3.904,163.8,6.37,0.166,0.164,-8.47,-6.411,2.06,89.1,0.016,760.4,AF
2/24/2019 6:00,3.549,153,8.95,0.172,0.161,-7.757,-6.002,1.755,89.7,0.047,760,AF
2/24/2019 7:00,4.399,168.5,5.723,0.167,0.186,-6.783,-4.166,2.617,88,0.106,759.7,AF
2/24/2019 8:00,4.535,154.2,4.06,0.07,0.153,-6.275,-4.316,1.959,86,-0.055,759.1,AF
2/24/2019 9:00,4.927,146,3.979,0.273,0.155,-6.444,-4.792,1.652,85.5,1.519,758.8,AF
2/24/2019 10:00,4.299,144.3,5.115,0.254,0.154,-5.82,-3.406,2.413,81.7,14.76,758.2,AF
2/24/2019 11:00,4.656,135.9,6.975,0.284,0.188,-5.946,-3.269,2.677,80.8,48.72,757.5,AF
2/24/2019 12:00,4.397,125.3,7.239,0.253,0.154,-6.54,-4.989,1.551,81.5,83.5,756.8,AF
2/24/2019 13:00,3.896,139.1,8.24,0.21,0.167,-6.669,-4.73,1.939,83.1,130.6,756.6,AF
2/24/2019 14:00,4.282,195.6,10.97,0.295,0.21,-4.079,-2.109,1.97,82.5,128,756.5,AF
2/24/2019 15:00,4.648,214.8,9.36,0.385,0.159,-2.603,-1.3,1.304,84,88.3,756.7,AF
2/24/2019 16:00,4.932,220.2,4.1,0.42,0.12,-3.387,-1.299,2.088,87.5,61.07,756.9,AF
2/24/2019 17:00,5.069,219.4,6.167,0.441,0.141,-3.616,-1.308,2.308,87.3,30.05,757.6,AF
2/24/2019 18:00,6.152,220.5,5.07,0.541,0.187,-2.721,-1.485,1.236,80.4,10.81,758.3,AF
2/24/2019 19:00,6.183,237.3,20.31,0.634,0.353,-2.432,-1.365,1.067,79.88,1.318,758.8,AF
2/24/2019 20:00,16.89,232.7,4.124,2.184,0.595,-1.204,-0.193,1.011,91.6,-0.001,759,AF
2/24/2019 21:00,16.53,228.4,3.533,1.91,0.42,-1.876,-1.054,0.822,92.8,-0.02,760.1,AF
2/24/2019 22:00,12.11,231.8,3.714,1.402,0.335,-3.307,-2.536,0.77,92,-0.029,761.3,AF
2/24/2019 23:00,9.6,220.8,4.682,0.907,0.306,-4.407,-3.774,0.633,90.2,-0.09,762.3,AF
2/25/2019 0:00,8.38,223.3,5.729,0.813,0.238,-6.103,-5.294,0.809,90.2,-0.109,763,AF
2/25/2019 1:00,8.44,227.1,4.477,0.873,0.302,-6.768,-5.854,0.914,89.7,-0.121,763.5,AF
2/25/2019 2:00,8.74,219.7,5.155,0.824,0.268,-7.279,-6.496,0.782,89.4,-0.102,763.8,AF
2/25/2019 3:00,9.37,210.4,8.47,0.902,0.252,-6.931,-5.939,0.993,87.8,-0.078,763.7,AF
2/25/2019 4:00,8.67,210.1,5.001,0.826,0.185,-7.577,-6.437,1.14,86,-0.126,763.7,AF
2/25/2019 5:00,9.65,211.8,5.773,0.94,0.243,-7.552,-6.463,1.089,83.5,-0.084,763.7,AF
2/25/2019 6:00,8.26,210.8,6.428,0.78,0.176,-8.26,-6.997,1.261,81.7,-0.124,763.7,AF
2/25/2019 7:00,8.56,209,3.145,0.802,0.141,-8.92,-7.413,1.509,81.2,-0.107,763.5,AF
2/25/2019 8:00,8.6,205.6,3.13,0.787,0.121,-9.87,-8.35,1.521,81.3,-0.108,763.5,AF
2/25/2019 9:00,6.775,216,7.027,0.588,0.207,-10.17,-8.68,1.484,79.79,2.071,763.6,AF
2/25/2019 10:00,6.646,222.1,6.668,0.563,0.155,-9.95,-8.81,1.143,77.23,30.82,763.5,AF
2/25/2019 11:00,7.54,209.2,4.967,0.683,0.122,-10.04,-8.94,1.094,76.09,75.09,763.5,AF
2/25/2019 12:00,7.9,208.9,2.291,0.687,0.109,-10.83,-9.04,1.791,79,75.84,763.2,AF
2/25/2019 13:00,8.44,213.1,3.727,0.783,0.176,-9.43,-8.64,0.797,78.43,171.5,763.4,AF
2/25/2019 14:00,5.935,206.7,5.424,0.571,0.16,-10.16,-9.11,1.049,77.87,131.3,763.3,AF
2/25/2019 15:00,5.314,211.3,8.68,0.442,0.183,-10.74,-9.46,1.287,77.56,72.31,762.9,AF
2/25/2019 16:00,6.305,225.6,2.84,0.521,0.13,-10.7,-8.97,1.731,76.81,91.4,762.6,AF
2/25/2019 17:00,3.712,250.3,24.93,0.456,0.218,-10.54,-8.51,2.036,74.58,68.25,762.6,AF
2/25/2019 18:00,3.716,232.9,10.74,0.414,0.148,-11.02,-9.3,1.723,74.76,15.79,762.6,AF
2/25/2019 19:00,3.988,210.2,5.921,0.364,0.109,-11.97,-9.45,2.522,77.48,1.113,762.4,AF
2/25/2019 20:00,3.671,217.3,10.75,0.401,0.156,-12.4,-9.39,3.016,78.51,-0.152,762.4,AF
2/25/2019 21:00,1.848,211.2,28.73,0.204,0.227,-13.31,-11.01,2.297,79.4,-0.174,762.5,AF
2/25/2019 22:00,2.216,187.1,27.13,0.257,0.224,-13.21,-10.01,3.199,79.51,-0.046,762.6,AF
2/25/2019 23:00,2.244,135.7,56.93,0.1,0.17,-13.66,-10.5,3.152,80.1,-0.034,762.5,AF
2/26/2019 0:00,1.299,106.7,48.44,0.068,0.105,-12.23,-10.35,1.883,78.66,0.096,762.9,AF
2/26/2019 1:00,2.453,119.9,34.03,0.081,0.132,-11.4,-9.08,2.319,79.06,0.017,763.1,AF
2/26/2019 2:00,2.671,114.5,18.09,0.11,0.112,-10.13,-8.19,1.941,77.36,-0.016,763.1,AF
2/26/2019 3:00,2.925,108.9,14.38,0.093,0.094,-10.89,-9.13,1.752,81.2,-0.012,763.1,AF
2/26/2019 4:00,3.367,85.2,10.9,0.094,0.177,-12.5,-10.05,2.452,82.4,-0.088,763.4,AF
2/26/2019 5:00,4.494,89.9,12.23,0.077,0.211,-12.74,-11.2,1.533,82.1,-0.049,763.6,AF
2/26/2019 6:00,5.951,96.1,6.255,0.103,0.251,-11.74,-10.94,0.8,82.5,-0.008,763.4,AF
2/26/2019 7:00,3.95,110.7,11.25,0.119,0.313,-11.26,-10.68,0.574,80.4,-0.023,763.5,AF
2/26/2019 8:00,3.613,121,6.901,0.197,0.202,-11.32,-10.64,0.683,82.3,-0.007,763.7,AF
2/26/2019 9:00,2.831,132.5,7.738,0.105,0.142,-11.38,-10.95,0.432,85,1.799,763.8,AF
2/26/2019 10:00,3.385,113.5,8.17,0.177,0.154,-10.52,-9.9,0.619,84.8,15.91,763.9,AF
2/26/2019 11:00,2.576,78.6,17.09,0.105,0.132,-9.77,-9.66,0.111,85.5,49.73,763.9,AF
2/26/2019 12:00,2.338,69.28,14.05,0.095,0.15,-8.81,-8.9,-0.093,85.4,133.1,764,AF
2/26/2019 13:00,3.218,95,6.509,0.094,0.114,-8.84,-8.42,0.426,86.7,156.1,764,AF
2/26/2019 14:00,3.478,74.87,6.388,0.159,0.136,-8.77,-8.47,0.301,87.1,153.3,763.9,AF
2/26/2019 15:00,3.316,74.88,4.846,0.187,0.145,-8.72,-8.49,0.228,87.2,167.5,763.9,AF
2/26/2019 16:00,5.567,89.7,3.114,0.064,0.116,-9.23,-8.42,0.81,87.1,135,763.7,AF
2/26/2019 17:00,6.371,91.2,4.253,0.1,0.133,-10.67,-9.81,0.858,88.9,66.6,763.3,AF
2/26/2019 18:00,5.164,85.7,6.4,0.101,0.164,-12.34,-11.66,0.679,89.2,17.94,763,AF
2/26/2019 19:00,5.59,89.6,4.998,0.084,0.142,-13.54,-12.77,0.777,88.5,1.293,763,AF
2/26/2019 20:00,3.465,100.8,24.93,0.123,0.172,-14.76,-14,0.767,88.4,-0.071,762.9,AF
2/26/2019 21:00,3.765,107.1,7.032,0.148,0.174,-15.5,-14.15,1.349,89.3,-0.025,762.8,AF
2/26/2019 22:00,2.198,103.5,15.19,0.18,0.153,-16.71,-15.13,1.572,89.7,-0.013,762.8,AF
2/26/2019 23:00,2.626,92.8,13.88,0.095,0.13,-17.3,-14.72,2.578,89.8,-0.032,762.6,AF
2/27/2019 0:00,2.211,133.4,7.836,0.109,0.098,-17.27,-15.12,2.152,89.5,0.043,762.5,AF
2/27/2019 1:00,1.87,213.5,11.81,0.216,0.127,-17.05,-14.73,2.316,89.8,-0.045,762.6,AF
2/27/2019 2:00,2.728,218.5,10.96,0.318,0.153,-16.5,-14.05,2.449,89.3,-0.066,762.4,AF
2/27/2019 3:00,4.416,215.9,2.876,0.297,0.171,-15.55,-11.03,4.522,89.9,-0.01,762.4,AF
2/27/2019 4:00,4.897,198.5,8.3,0.48,0.15,-14.04,-9.39,4.65,90.2,-0.131,762.6,AF
2/27/2019 5:00,4.843,218,15.87,0.402,0.193,-13.36,-10.05,3.312,88.8,-0.192,762.6,AF
2/27/2019 6:00,4.918,215.3,7.412,0.406,0.178,-13.28,-9.87,3.416,86.2,-0.324,762.7,AF
2/27/2019 7:00,3.964,205.5,8.5,0.337,0.175,-12.67,-10.94,1.739,85.6,-0.041,763.2,AF
2/27/2019 8:00,3.767,218,18.03,0.343,0.203,-10.42,-9.39,1.034,82.6,0.03,763.5,AF
2/27/2019 9:00,6.621,186.5,9.52,0.452,0.26,-8.79,-7.533,1.26,78.97,3.933,763.5,AF
2/27/2019 10:00,8.71,190.9,3.54,0.654,0.177,-7.692,-6.593,1.099,76.02,18.01,763.4,AF
2/27/2019 11:00,6.78,190.1,2.618,0.501,0.148,-7.393,-6.801,0.592,71.66,104.1,764,AF
2/27/2019 12:00,6.714,190.2,3.671,0.521,0.122,-6.851,-6.435,0.416,70.79,170,764.4,AF
2/27/2019 13:00,6.439,199.2,3.387,0.544,0.121,-7.427,-6.253,1.174,72.66,202,764.8,AF
2/27/2019 14:00,5.428,208.2,6.991,0.422,0.235,-8.02,-5.695,2.324,72.4,207,765,AF
2/27/2019 15:00,4.913,190,3.989,0.422,0.16,-7.599,-5.646,1.953,72.77,183.2,765,AF
2/27/2019 16:00,4.366,171.7,7.79,0.192,0.218,-7.703,-5.148,2.556,73.39,137.3,765,AF
2/27/2019 17:00,3.17,172.9,6.431,0.138,0.141,-6.965,-4.384,2.582,70.94,72.59,764.9,AF
2/27/2019 18:00,3.633,150,7.49,0.05,0.104,-9.22,-6.325,2.894,76.94,17.92,764.6,AF
2/27/2019 19:00,2.418,123.3,20.47,0.131,0.117,-9.47,-7.272,2.2,71.72,1.742,764.4,AF
2/27/2019 20:00,3.103,129.2,5.08,0.132,0.097,-10.56,-7.83,2.734,72.72,0.071,764.4,AF
2/27/2019 21:00,3.38,155.4,4.296,0.082,0.09,-11.37,-8.66,2.709,73.61,0.128,764.4,AF
2/27/2019 22:00,4.454,151.2,4.531,0.133,0.161,-13.45,-10.28,3.17,78.24,0.075,763.8,AF
2/27/2019 23:00,5.02,140.4,5.419,0.269,0.153,-12.67,-10.5,2.178,76.65,0.091,763.5,AF
2/28/2019 0:00,5.252,124.1,6.567,0.236,0.194,-12.22,-10.18,2.04,75.71,0.037,763.2,AF
2/28/2019 1:00,4.288,118.9,11.37,0.171,0.231,-12.55,-11.53,1.021,77.84,-0.059,763.1,AF
2/28/2019 2:00,4.701,123.4,7.104,0.176,0.193,-12.96,-12.08,0.875,78.73,-0.001,762.8,AF
2/28/2019 3:00,4.988,125.6,3.1,0.262,0.149,-13.8,-12.01,1.788,81,0.044,762.7,AF
2/28/2019 4:00,3.931,130.9,5.291,0.332,0.11,-12.23,-10.25,1.976,79.43,0.049,762.6,AF
2/28/2019 5:00,4.296,132.9,5.67,0.293,0.154,-10.67,-8.92,1.754,80.6,0.017,762.6,AF
2/28/2019 6:00,2.211,140,9.57,0.105,0.097,-9.96,-8.93,1.034,81,0.021,762.7,AF
2/28/2019 7:00,1.845,191.3,24.55,0.166,0.147,-10.07,-7.9,2.168,81.6,-0.006,762.8,AF
2/28/2019 8:00,2.615,139.9,16.26,0.104,0.145,-10.42,-8.17,2.245,84.5,0.039,762.9,AF
2/28/2019 9:00,2.719,142.2,18.21,0.16,0.186,-9.48,-6.548,2.936,83.6,4.339,763.1,AF
2/28/2019 10:00,4.119,142.5,8.85,0.116,0.137,-7.655,-5.039,2.616,83.9,29.95,763.2,AF
2/28/2019 11:00,3.875,178.5,11.79,0.186,0.181,-4.894,-3.176,1.718,82.8,66.26,763.6,AF
2/28/2019 12:00,3.175,202.7,12.17,0.314,0.192,-2.609,-2.227,0.382,80,120.4,763.9,AF
2/28/2019 13:00,4.107,197,4.931,0.369,0.132,-2.077,-0.921,1.156,75.42,173.3,764,AF
2/28/2019 14:00,3.692,185.1,9.08,0.231,0.186,-2.399,-0.546,1.852,76.38,168.5,764.2,AF
2/28/2019 15:00,3.671,137.7,10.21,0.095,0.161,-4.001,-2.222,1.779,81.4,154.3,764.1,AF
2/28/2019 16:00,3.293,163.3,11.99,0.165,0.158,-4.496,-3.136,1.36,80.9,117.3,764.1,AF
2/28/2019 17:00,1.564,170.2,52.9,0.1,0.112,-5.177,-3.364,1.813,82.6,58.84,764.2,AF
2/28/2019 18:00,2.646,45.61,12.58,0.108,0.116,-7.025,-4.923,2.102,86.8,23.23,764.2,AF
2/28/2019 19:00,3.151,69.96,11.12,0.083,0.149,-8.75,-5.855,2.9,88.9,2.435,764,AF
2/28/2019 20:00,3.723,105.3,8.97,0.042,0.242,-7.74,-6.574,1.167,84.3,-0.01,763.8,AF
2/28/2019 21:00,3.871,99.9,14.91,0.227,0.22,-9.57,-8.41,1.161,84.8,-0.096,763.7,AF
2/28/2019 22:00,2.521,92.3,18.63,0.087,0.243,-10.95,-9.86,1.082,84,-0.052,763.5,AF
2/28/2019 23:00,2.633,105.1,20.27,0.089,0.258,-11.06,-10.1,0.957,83.5,-0.042,763.3,AF
3/1/2019 0:00,4.131,109.6,6.273,0.155,0.249,-10.64,-9.07,1.572,84.1,-0.041,763.1,AF
3/1/2019 1:00,3.141,90.2,12.01,0.073,0.153,-12.49,-11.57,0.916,86.7,-0.088,762.9,AF
3/1/2019 2:00,2.885,94.8,43.64,0.161,0.319,-13.23,-12.81,0.416,87.8,-0.043,762.9,AF
3/1/2019 3:00,5.307,73.4,22.47,0.125,0.18,-13.28,-12.53,0.753,86.6,-0.039,762.6,AF
3/1/2019 4:00,8.12,87.2,6.481,0.197,0.209,-13.15,-12.03,1.12,86.4,-0.016,762.1,AF
3/1/2019 5:00,3.685,102.3,23.02,0.269,0.262,-13.15,-12.57,0.582,84.4,-0.055,762.4,AF
3/1/2019 6:00,7.379,93.9,10.93,0.088,0.122,-13.79,-12.17,1.623,83.5,-0.049,761.8,AF
3/1/2019 7:00,5.613,106.7,18.78,0.106,0.221,-13.25,-12.09,1.164,81.3,-0.041,761.8,AF
3/1/2019 8:00,6.055,89.9,4.249,0.108,0.114,-15.14,-13.53,1.608,83.8,-0.014,761.5,AF
3/1/2019 9:00,4.042,105.8,7.619,0.24,0.224,-15.57,-14.49,1.077,83.9,5.302,761.4,AF
3/1/2019 10:00,3.811,119.5,12.14,0.244,0.202,-15.69,-14.51,1.182,81.7,45.86,761.3,AF
3/1/2019 11:00,3.901,148.9,10.31,0.119,0.137,-14.06,-11.29,2.777,78.04,122.3,761.2,AF
3/1/2019 12:00,3.543,220.6,19.55,0.381,0.183,-11.22,-7.909,3.313,68.62,187.8,761.4,AF
3/1/2019 13:00,4.395,204.6,9.93,0.345,0.204,-9.08,-4.489,4.592,68.97,221.6,761.6,AF
3/1/2019 14:00,4.189,218,9.47,0.325,0.171,-8.66,-4.458,4.199,65.43,227.6,761.7,AF
3/1/2019 15:00,4.523,229.4,7.827,0.365,0.137,-9.05,-6.025,3.022,68.72,202.4,761.7,AF
3/1/2019 16:00,3.446,221,23.33,0.301,0.182,-9.4,-7.533,1.862,72.87,154.4,761.7,AF
3/1/2019 17:00,3.898,220.4,8.75,0.387,0.219,-10.29,-7.844,2.441,77.93,88.1,761.7,AF
3/1/2019 18:00,3.541,242.7,6.005,0.358,0.137,-10.28,-8.57,1.716,81.3,32.39,761.9,AF
3/1/2019 19:00,3.585,240.8,5.676,0.374,0.141,-11.85,-9.31,2.538,83.8,3.259,762.1,AF
3/1/2019 20:00,2.862,233.1,9.77,0.284,0.152,-12.77,-9.65,3.123,85.1,-0.029,762.2,AF
3/1/2019 21:00,2.642,250.1,7.675,0.292,0.145,-12.89,-9.33,3.556,84.3,0.006,762.2,AF
3/1/2019 22:00,2.068,207.7,22.32,0.182,0.158,-14.01,-9.94,4.068,85.6,-0.05,762.2,AF
3/1/2019 23:00,2.145,258.4,16.83,0.199,0.119,-13.7,-9.78,3.916,83.6,0.002,762.2,AF
3/2/2019 0:00,2.114,263.7,11.38,0.184,0.093,-13.92,-11.14,2.777,86.1,0.044,762.2,AF
3/2/2019 1:00,1.73,262.6,18.51,0.156,0.114,-14.08,-10.96,3.123,84.9,0,762.1,AF
3/2/2019 2:00,1.381,229,19.2,0.128,0.104,-15.58,-10.88,4.699,86.1,-0.003,762.1,AF
3/2/2019 3:00,1.948,233,11.01,0.148,0.096,-15.52,-11.55,3.964,89.9,-0.125,762.1,AF
3/2/2019 4:00,1.759,236.2,16.42,0.176,0.12,-15.37,-10.91,4.458,87.9,-0.123,761.9,AF
3/2/2019 5:00,1.73,251.2,14.41,0.155,0.115,-15.52,-12.31,3.207,89.1,-0.054,761.8,AF
3/2/2019 6:00,4.264,245.3,8.82,0.319,0.097,-17.01,-13.87,3.139,88.7,-0.011,761.8,AF
3/2/2019 7:00,3.793,254.2,6.298,0.289,0.116,-16.08,-12.58,3.501,88.1,0.053,761.5,AF
3/2/2019 8:00,3.508,227.4,6.404,0.287,0.125,-17.2,-13.71,3.493,88,-0.01,761.3,AF
3/2/2019 9:00,4.49,241.3,5.986,0.369,0.124,-17.88,-14.97,2.908,86.5,7.865,761.1,AF
3/2/2019 10:00,5.586,233.2,4.346,0.353,0.116,-16.75,-15.03,1.718,82.9,55.96,761,AF
3/2/2019 11:00,5.35,238.3,5.538,0.38,0.124,-15.2,-14.41,0.789,78.09,134,760.8,AF
3/2/2019 12:00,4.377,236.7,6.059,0.362,0.146,-13.94,-13.6,0.339,74.53,196.7,760.8,AF
3/2/2019 13:00,5.85,241.8,4.558,0.487,0.199,-13.33,-12.44,0.89,74.47,229.1,760.9,AF
3/2/2019 14:00,5.231,246,5.865,0.378,0.248,-12.69,-11.25,1.433,71.94,234.7,761.1,AF
3/2/2019 15:00,5.05,242.8,7.27,0.375,0.146,-12.4,-10.94,1.452,73.2,207.1,761.1,AF
3/2/2019 16:00,7.522,228.6,3.956,0.509,0.172,-12.32,-10.82,1.497,75.13,156.3,761.3,AF
3/2/2019 17:00,8.37,229.3,3.116,0.602,0.135,-11.68,-10.09,1.59,74.95,87.9,761.4,AF
3/2/2019 18:00,7.685,231.8,5.546,0.56,0.203,-11.69,-10.4,1.285,77.08,20.84,761.7,AF
3/2/2019 19:00,8.7,228.8,5.663,0.629,0.217,-11.26,-10.25,1.018,82,3.045,761.9,AF
3/2/2019 20:00,9.14,224.7,5.058,0.632,0.267,-10.81,-10.06,0.753,85.1,-0.021,762.3,AF
3/2/2019 21:00,8.94,234.1,4.033,0.761,0.215,-10.22,-9.66,0.566,91.8,0.015,762.8,AF
3/2/2019 22:00,8.1,246.4,2.982,0.785,0.148,-8.76,-8.23,0.527,94.3,0.012,763.5,AF
3/2/2019 23:00,8.32,242.5,3.023,0.784,0.166,-6.826,-6.544,0.282,96.2,0.01,764.1,AF
3/3/2019 0:00,8.33,242.4,2.968,0.792,0.148,-6.613,-6.299,0.314,96.2,0.012,764.8,AF
3/3/2019 1:00,8.6,245.5,3.434,0.853,0.186,-5.617,-5.308,0.309,95.1,0.021,765.5,AF
3/3/2019 2:00,11.03,247.4,3.529,1.164,0.262,-5.003,-4.701,0.302,92.5,0.006,766,AF
3/3/2019 3:00,11.2,245.8,3.517,1.191,0.261,-5.082,-4.869,0.213,92.6,-0.014,766.7,AF
3/3/2019 4:00,11.56,253.6,3.308,1.281,0.269,-5.153,-4.991,0.162,94.9,-0.017,767.4,AF
3/3/2019 5:00,11.47,257.2,3.178,1.309,0.248,-6.409,-6.168,0.242,94.6,-0.054,768.1,AF
3/3/2019 6:00,10.52,261.3,3.543,1.215,0.262,-7.37,-7.112,0.258,95.5,-0.061,769.1,AF
3/3/2019 7:00,8.74,258.4,5.785,0.966,0.21,-8.45,-8.23,0.216,94.7,-0.039,770.1,AF
3/3/2019 8:00,8.06,259.7,3.737,0.889,0.188,-9.23,-9.02,0.204,94.4,0.085,770.7,AF
3/3/2019 9:00,6.355,252.1,4.746,0.661,0.188,-9.1,-8.66,0.44,93.9,11.72,771.2,AF
3/3/2019 10:00,5.526,230.5,9.15,0.42,0.156,-10.86,-10.51,0.349,86.3,91.6,771.8,AF
3/3/2019 11:00,6.342,226.7,4.197,0.426,0.129,-10.45,-10.25,0.199,79.93,169.9,772.2,AF
3/3/2019 12:00,6.517,215.6,3.326,0.427,0.126,-10.21,-9.98,0.233,78.23,215.3,772.7,AF
3/3/2019 13:00,7.065,209.4,1.829,0.485,0.076,-9.95,-8.72,1.235,79.91,237.2,773,AF
3/3/2019 14:00,5.982,210.7,4.088,0.399,0.112,-9.99,-8.37,1.612,78.74,234.6,773.2,AF
3/3/2019 15:00,5.166,209.7,3.535,0.35,0.088,-10.11,-8.16,1.95,78.59,208.7,773.3,AF
3/3/2019 16:00,4.22,207.8,5.622,0.359,0.117,-10.24,-8.07,2.167,78.99,163.4,773.4,AF
3/3/2019 17:00,4.812,196.6,5.29,0.369,0.118,-10.84,-8.57,2.267,81,93.4,773.3,AF
3/3/2019 18:00,3.486,184.3,6.938,0.202,0.169,-11.64,-10.13,1.513,83.8,33.01,773.1,AF
3/3/2019 19:00,4.204,192.2,9.19,0.275,0.173,-12.82,-10.1,2.726,85.5,4.298,772.9,AF
3/3/2019 20:00,3.576,145.9,6.834,0.087,0.095,-13.86,-10.95,2.91,88.7,0.166,772.5,AF
3/3/2019 21:00,1.676,152.1,22.28,0.089,0.067,-14.01,-12.3,1.711,89.3,0.099,772.4,AF
3/3/2019 22:00,1.293,106.1,26.77,0.065,0.058,-15.09,-13.09,2.007,90.4,-0.107,772.3,AF
3/3/2019 23:00,2.735,118.9,3.323,0.064,0.031,-16.27,-12.97,3.296,90.8,-0.009,771.8,AF
3/4/2019 0:00,2.605,114.2,4.984,0.083,0.073,-16.54,-14.35,2.187,91.3,-0.043,771.2,AF
3/4/2019 1:00,2.307,113.3,4.805,0.106,0.096,-16.82,-15.31,1.512,90.4,0,770.6,AF
3/4/2019 2:00,2.753,143.1,20.42,0.128,0.112,-16.2,-14.77,1.43,89.5,0.037,770.1,AF
3/4/2019 3:00,1.45,165.6,15.77,0.073,0.077,-16.64,-15.05,1.59,88.8,-0.006,769.6,AF
3/4/2019 4:00,1.762,142.8,8.65,0.085,0.087,-17.69,-15.76,1.938,87.8,0.065,768.8,AF
3/4/2019 5:00,2.926,182.5,15.22,0.13,0.138,-18.61,-15.15,3.466,87.1,-0.023,768.2,AF
3/4/2019 6:00,3.397,186.3,8.46,0.162,0.114,-18.22,-14.64,3.577,86.7,-0.074,767.7,AF
3/4/2019 7:00,3.452,180.8,5.217,0.148,0.12,-18.25,-15.21,3.046,86.3,0.017,767.4,AF
3/4/2019 8:00,4.036,162.4,3.702,0.041,0.097,-20.3,-17.06,3.239,84.7,0.601,767,AF
3/4/2019 9:00,3.894,170.8,6.252,0.14,0.121,-19.56,-16.16,3.407,85,24.34,766.4,AF
3/4/2019 10:00,4.056,188.4,11.11,0.239,0.167,-15.7,-13.36,2.34,85.1,103.2,766.1,AF
3/4/2019 11:00,3.267,194.8,9.45,0.295,0.111,-14.29,-12.13,2.166,85.7,138.6,765.7,AF
3/4/2019 12:00,3.693,173.6,15.96,0.165,0.14,-13.86,-11.24,2.625,82.5,148.7,765.1,AF
3/4/2019 13:00,2.921,195.7,17.11,0.232,0.135,-12.63,-10.98,1.651,77.83,151.2,764.7,AF
3/4/2019 14:00,3.026,174.6,9.97,0.105,0.099,-11.97,-9.89,2.081,73.53,161.2,764.3,AF
3/4/2019 15:00,3.321,173.5,6.155,0.145,0.116,-11.01,-9.02,1.99,71.33,173.8,764,AF
3/4/2019 16:00,4.143,180.6,12.38,0.251,0.153,-10.52,-8.53,1.988,74.96,130.5,763.5,AF
3/4/2019 17:00,3.982,192.5,14.04,0.261,0.14,-9.77,-8.37,1.4,73.95,84,763.2,AF
3/4/2019 18:00,5.059,188.8,7.444,0.342,0.138,-8.58,-6.978,1.598,71.23,49.19,762.6,AF
3/4/2019 19:00,4.022,208,7.874,0.313,0.119,-9.36,-7.534,1.83,74.56,9.89,762.3,AF
3/4/2019 20:00,3.581,212.2,7.285,0.284,0.135,-9.78,-7.904,1.88,75.33,-0.013,762.1,AF
3/4/2019 21:00,5.298,202.5,8.38,0.359,0.13,-9.62,-6.857,2.768,76.1,-0.048,761.7,AF
3/4/2019 22:00,4.46,204.2,11.48,0.319,0.168,-8.47,-5.932,2.539,75.25,-0.017,761.4,AF
3/4/2019 23:00,4.808,203.8,10.83,0.338,0.139,-7.632,-5.525,2.108,75.52,-0.102,761.1,AF
3/5/2019 0:00,5.197,201.2,13.5,0.349,0.169,-8.61,-6.846,1.766,76.97,-0.115,760.9,AF
3/5/2019 1:00,3.702,178.3,12.05,0.185,0.154,-7.737,-6.472,1.265,76.52,-0.008,760.6,AF
3/5/2019 2:00,2.492,183.1,13.62,0.142,0.12,-7.869,-6.397,1.473,79.82,-0.024,760.2,AF
3/5/2019 3:00,1.942,167.2,23.46,0.087,0.095,-8.13,-6.845,1.284,80.7,0.003,759.8,AF
3/5/2019 4:00,2.558,157.7,11.39,0.125,0.116,-9.57,-7.613,1.959,82.3,-0.011,759.2,AF
3/5/2019 5:00,1.5,117.6,31.53,0.071,0.102,-10.82,-8.9,1.918,82.5,0.019,758.9,AF
3/5/2019 6:00,2.643,110.2,14.6,0.102,0.099,-11.44,-9.17,2.273,81.9,0.057,758.3,AF
3/5/2019 7:00,2.119,124,35.29,0.124,0.109,-11.72,-10.36,1.365,81.7,-0.06,757.9,AF
3/5/2019 8:00,0.688,300.3,51.81,0.101,0.075,-12.35,-11.3,1.053,83.4,0.166,757.4,AF
3/5/2019 9:00,0.639,133.2,27.56,0.06,0.061,-11.78,-9.41,2.362,81.9,7.528,757,AF
3/5/2019 10:00,0.93,133.7,27.45,0.079,0.075,-10.74,-7.051,3.694,79.65,40.66,756.6,AF
3/5/2019 11:00,2.583,99.1,12.43,0.05,0.131,-11.42,-9.5,1.919,81.6,91.1,756.3,AF
3/5/2019 12:00,3.851,103.7,9.66,0.084,0.179,-11.13,-10.2,0.931,80.9,132.2,756,AF
3/5/2019 13:00,3.431,129.2,6.397,0.195,0.114,-11.07,-10.86,0.218,81.5,162.1,755.7,AF
3/5/2019 14:00,3.267,145.6,5.852,0.07,0.094,-9.9,-9.1,0.794,80.5,155.4,755.5,AF
3/5/2019 15:00,2.863,158.4,9.93,0.114,0.132,-8.96,-8.59,0.374,81,143,755.2,AF
3/5/2019 16:00,2.471,196.3,27.48,0.159,0.135,-7.702,-7.07,0.632,81.3,114.2,754.8,AF
3/5/2019 17:00,3.525,224.7,7.382,0.266,0.098,-6.402,-5.704,0.698,80.2,82,754.4,AF
3/5/2019 18:00,3.748,224.9,3.785,0.284,0.112,-5.435,-4.705,0.73,79.62,37.55,754.1,AF
3/5/2019 19:00,3.069,211,17.7,0.248,0.141,-5.407,-4.21,1.197,80.4,6.965,753.8,AF
3/5/2019 20:00,1.701,210.8,14.67,0.166,0.122,-6.5,-4.82,1.68,82.7,0.004,753.4,AF
3/5/2019 21:00,1.318,183.6,16.22,0.107,0.086,-6.43,-5.16,1.27,83.5,-0.08,753.3,AF
3/5/2019 22:00,4.079,159.6,4.445,0.043,0.073,-7.888,-6.318,1.57,91.8,0.033,753.2,AF
3/5/2019 23:00,3.057,161.8,5.988,0.076,0.095,-7.91,-6.046,1.864,96.7,0.001,753.1,AF
3/6/2019 0:00,3.071,169.2,19.88,0.103,0.125,-7.352,-5.313,2.04,97.3,0.034,752.9,AF
3/6/2019 1:00,3.194,176.8,13.2,0.137,0.148,-6.656,-5.216,1.44,96.6,-0.001,752.7,AF
3/6/2019 2:00,2.726,214.7,19.23,0.212,0.127,-6.454,-5.222,1.232,93.8,-0.019,752.6,AF
3/6/2019 3:00,3.12,185.1,10.34,0.186,0.141,-5.828,-4.241,1.587,90.9,0.047,752.3,AF
3/6/2019 4:00,4.233,209.8,7.975,0.279,0.139,-5.262,-3.758,1.503,92.6,-0.046,752.1,AF
3/6/2019 5:00,3.855,197.2,5.677,0.244,0.118,-5.136,-3.811,1.325,90.2,-0.051,751.9,AF
3/6/2019 6:00,4.399,217.7,5.979,0.311,0.147,-6.065,-4.639,1.425,87.3,-0.142,751.7,AF
3/6/2019 7:00,5.533,217.3,2.402,0.392,0.078,-7.558,-4.666,2.891,87.9,-0.169,751.4,AF
3/6/2019 8:00,5.128,210.6,2.745,0.385,0.076,-8.07,-5.536,2.53,88.1,0.055,751.2,AF
3/6/2019 9:00,4.745,210.2,4.458,0.292,0.124,-8.7,-6.796,1.901,89.4,9.7,751,AF
3/6/2019 10:00,5,218.4,4.208,0.32,0.098,-7.877,-6.489,1.388,87.8,48.38,750.8,AF
3/6/2019 11:00,4.98,222.6,4.615,0.33,0.118,-7.14,-6.567,0.573,86.5,104.1,750.7,AF
3/6/2019 12:00,4.142,222.4,6.607,0.297,0.139,-6.081,-6.045,0.036,83.1,157.4,750.5,AF
3/6/2019 13:00,5.197,216.2,9.39,0.386,0.113,-6.727,-6.023,0.704,82.7,171.9,750.4,AF
3/6/2019 14:00,3.459,219.4,8.56,0.252,0.156,-6.304,-5.738,0.566,80.6,199.7,750.4,AF
3/6/2019 15:00,4.656,218.2,3.226,0.344,0.101,-6.453,-5.812,0.641,83.1,154.7,750.1,AF
3/6/2019 16:00,4.948,217.6,2.568,0.341,0.105,-6.071,-5.43,0.641,87,120.5,749.9,AF
3/6/2019 17:00,4.897,240.9,3.156,0.427,0.114,-5.595,-5.307,0.288,93.8,61.16,749.6,AF
3/6/2019 18:00,4.415,248.7,2.993,0.427,0.09,-5.293,-5.197,0.096,95.8,33.12,749.4,AF
3/6/2019 19:00,4.038,240.6,2.431,0.374,0.089,-5.612,-5.496,0.116,97,6.3,749.3,AF
3/6/2019 20:00,3.101,244,2.454,0.29,0.075,-5.803,-5.611,0.192,97.4,0.144,749.4,AF
3/6/2019 21:00,2.675,277.6,4.618,0.303,0.075,-6.144,-5.941,0.202,97.2,-0.038,749.5,AF
3/6/2019 22:00,2.525,298.1,3.953,0.307,0.091,-6.828,-6.678,0.149,96.6,-0.065,749.5,AF
3/6/2019 23:00,1.504,321.2,7.729,0.164,0.085,-7.832,-7.554,0.278,96.1,-0.095,749.6,AF
3/7/2019 0:00,1.663,358,6.266,0.114,0.08,-8.95,-8.27,0.681,95.7,-0.127,749.6,AF
3/7/2019 1:00,1.399,11.71,6.311,0.067,0.031,-10.27,-9.35,0.929,95,-0.124,749.7,AF
3/7/2019 2:00,0.263,26.99,10.76,0.062,0.007,-10.48,-9.56,0.911,94.4,-0.023,749.9,AF
3/7/2019 3:00,0.801,341.3,6.694,0.082,0.059,-10.38,-9.69,0.697,93.8,-0.011,750.3,AF
3/7/2019 4:00,1.867,10.03,5.305,0.139,0.092,-10.5,-10.37,0.124,94.1,-0.006,750.6,AF
3/7/2019 5:00,0.924,49.63,9.9,0.07,0.04,-10.88,-10.59,0.287,93.2,0.002,750.6,AF
3/7/2019 6:00,1.186,57.89,8.07,0.062,0.031,-10.88,-10.34,0.538,93.1,0.005,750.6,AF
3/7/2019 7:00,1.368,69.93,10.27,0.068,0.057,-10.45,-9.67,0.789,93.6,0.001,750.6,AF
3/7/2019 8:00,1.081,70.01,10.16,0.09,0.057,-10.67,-9.73,0.941,93.2,0.435,750.6,AF
3/7/2019 9:00,1.673,140.4,5.309,0.089,0.082,-10.44,-9.67,0.769,93.2,13.92,750.8,AF
3/7/2019 10:00,1.151,153.4,12.62,0.094,0.065,-9.67,-9.34,0.331,92.9,58.05,751.1,AF
3/7/2019 11:00,1.042,38.69,6.754,0.087,0.046,-9.82,-9.57,0.251,92.3,96,751.3,AF
3/7/2019 12:00,1.307,27.58,5.908,0.123,0.097,-8.88,-9.11,-0.226,92.2,137.7,751.7,AF
3/7/2019 13:00,1.964,35.94,5.642,0.16,0.108,-9.11,-9.3,-0.185,92,179.1,751.7,AF
3/7/2019 14:00,1.811,50.24,5.869,0.137,0.104,-9.89,-9.64,0.248,91.7,223.4,751.8,AF
3/7/2019 15:00,1.898,65.02,8.66,0.094,0.088,-9.73,-9.73,0.008,91.5,212.7,751.8,AF
3/7/2019 16:00,2.067,51.76,12.78,0.1,0.109,-11.12,-10.96,0.159,91.1,131.9,751.7,AF
3/7/2019 17:00,3.03,60.41,5.731,0.227,0.163,-13.1,-12.87,0.234,89.9,86.5,751.8,AF
3/7/2019 18:00,4.02,61.86,3.3,0.282,0.119,-12.9,-12.29,0.606,91.1,32.8,751.8,AF
3/7/2019 19:00,4.261,58.16,3.636,0.296,0.139,-12.27,-12.06,0.209,91.9,7.137,752,AF
3/7/2019 20:00,4.785,62.29,4.348,0.332,0.186,-11.66,-11.64,0.013,92.3,0.228,752,AF
3/7/2019 21:00,4.869,55.36,4.02,0.345,0.191,-11.56,-11.55,0.013,92.4,0,752.1,AF
3/7/2019 22:00,5.296,56.3,4.737,0.395,0.193,-11.19,-11.23,-0.041,92.7,-0.001,752,AF
3/7/2019 23:00,4.721,61.28,4.578,0.359,0.192,-11.24,-11.29,-0.054,92.7,-0.001,752.1,AF
3/8/2019 0:00,4.162,56.76,4.429,0.318,0.161,-11.52,-11.58,-0.057,92.2,-0.004,752.1,AF
3/8/2019 1:00,3.941,54.12,4.049,0.297,0.156,-11.92,-11.96,-0.043,91.9,-0.003,752.1,AF
3/8/2019 2:00,4.777,57.8,4.54,0.383,0.193,-11.97,-12.09,-0.115,91.9,-0.004,751.8,AF
3/8/2019 3:00,5.063,60.65,4.653,0.373,0.198,-12.2,-12.28,-0.079,91.7,0,751.6,AF
3/8/2019 4:00,5.019,67.67,3.937,0.31,0.18,-11.57,-11.66,-0.094,92.4,0.003,751.5,AF
3/8/2019 5:00,4.665,64.38,4.317,0.314,0.171,-11.29,-11.44,-0.15,92.6,-0.001,751.2,AF
3/8/2019 6:00,4.619,60.91,4.516,0.332,0.163,-11.03,-11.18,-0.149,92.7,-0.001,750.9,AF
3/8/2019 7:00,5.379,74.59,5.104,0.188,0.155,-10.58,-10.67,-0.098,93.1,0.001,750.7,AF
3/8/2019 8:00,6.96,87,4.823,0.121,0.137,-10.63,-10.71,-0.074,93,0.384,750.5,AF
3/8/2019 9:00,6.8,86.9,4.405,0.137,0.141,-10.91,-10.99,-0.076,92.6,10.5,750.1,AF
3/8/2019 10:00,6.906,87.7,4.629,0.126,0.138,-10.89,-11.03,-0.138,92.5,40.49,749.9,AF
3/8/2019 11:00,6.077,80.3,4.674,0.185,0.142,-10.76,-11.03,-0.269,92.3,72.87,749.9,AF
3/8/2019 12:00,6.727,80.8,5.029,0.216,0.161,-10.59,-10.91,-0.326,92.3,103.8,749.4,AF
3/8/2019 13:00,6.219,75.57,4.425,0.264,0.153,-10.48,-10.87,-0.391,92.3,120.7,749,AF
3/8/2019 14:00,6.738,71.56,3.977,0.32,0.152,-10.75,-11.23,-0.483,91.8,140.7,748.5,AF
3/8/2019 15:00,6.671,68.15,4.011,0.386,0.152,-11.06,-11.48,-0.417,91.6,143.2,748,AF
3/8/2019 16:00,7.135,73.29,3.853,0.277,0.161,-10.92,-11.22,-0.295,92,111,747.5,AF
3/8/2019 17:00,7.456,77.33,4.267,0.224,0.163,-10.96,-11.15,-0.19,92.2,67.3,747.1,AF
3/8/2019 18:00,7.454,80.4,4.241,0.188,0.152,-10.96,-11.07,-0.113,92.4,32.25,746.7,AF
3/8/2019 19:00,8.22,81.2,4.422,0.189,0.163,-11.11,-11.17,-0.063,92.4,7.49,746.3,AF
3/8/2019 20:00,8.26,82.9,4.204,0.178,0.158,-11.32,-11.36,-0.043,92.3,0.233,745.8,AF
3/8/2019 21:00,7.353,82.6,4.269,0.165,0.144,-11.38,-11.42,-0.049,92.3,-0.001,745.5,AF
3/8/2019 22:00,6.484,81.9,4.046,0.143,0.128,-11.41,-11.45,-0.044,92.2,-0.001,745.3,AF
3/8/2019 23:00,6.67,80.1,3.948,0.164,0.137,-11.54,-11.59,-0.049,92.1,-0.003,744.9,AF
3/9/2019 0:00,5.692,77.82,4.038,0.171,0.132,-11.67,-11.7,-0.03,92,-0.001,744.7,AF
3/9/2019 1:00,4.573,77.89,3.108,0.115,0.088,-12.29,-12.02,0.276,91.4,-0.003,744.5,AF
3/9/2019 2:00,2.9,65.21,4.258,0.169,0.099,-13.17,-12.66,0.518,90.7,-0.008,744.4,AF
3/9/2019 3:00,2.818,60.44,5.108,0.164,0.105,-13.36,-12.95,0.413,90.6,-0.003,744.1,AF
3/9/2019 4:00,2.324,49.15,3.41,0.175,0.101,-13.96,-13.5,0.461,90.1,-0.006,743.9,AF
3/9/2019 5:00,2.574,50.91,4.185,0.185,0.104,-14.66,-14.12,0.534,89.5,-0.004,743.8,AF
3/9/2019 6:00,2.949,52.24,4.018,0.207,0.111,-15.07,-14.61,0.456,89.1,0.015,743.6,AF
3/9/2019 7:00,2.821,50.11,3.674,0.225,0.11,-15.18,-14.91,0.266,89,0.011,743.4,AF
3/9/2019 8:00,3.753,53.74,4.024,0.254,0.111,-14.85,-14.66,0.19,89.2,0.781,743.2,AF
3/9/2019 9:00,3.78,53.45,3.597,0.252,0.108,-15.54,-15.24,0.303,88.4,14.86,743.1,AF
3/9/2019 10:00,2.805,50.16,4.885,0.187,0.111,-15.33,-15.64,-0.316,87.9,59.8,743.2,AF
3/9/2019 11:00,2.964,58.58,6.497,0.178,0.12,-14.45,-15.5,-1.051,87.3,151.6,742.9,AF
3/9/2019 12:00,3.015,47.97,4.77,0.22,0.125,-15.09,-15.84,-0.753,87.1,181.6,742.8,AF
3/9/2019 13:00,3.478,42.86,4.953,0.286,0.134,-14.74,-15.51,-0.769,87.5,352.7,742.9,AF
3/9/2019 14:00,4.283,39.39,3.976,0.324,0.122,-14.91,-15.24,-0.324,87.9,370.6,742.9,AF
3/9/2019 15:00,4.171,38.61,4.005,0.306,0.114,-14.83,-15.19,-0.366,88,328.1,742.8,AF
3/9/2019 16:00,4.956,35.65,3.869,0.365,0.132,-13.94,-14.4,-0.454,89,131.9,742.6,AF
3/9/2019 17:00,6.03,41.7,3.747,0.434,0.154,-13.47,-13.9,-0.429,89.6,69.32,742.3,AF
3/9/2019 18:00,5.832,44.32,4.79,0.427,0.175,-13.84,-14.11,-0.267,89.6,33.07,742.2,AF
3/9/2019 19:00,6.416,42.86,4.437,0.431,0.153,-14.26,-14.4,-0.146,89.4,7.462,742.3,AF
3/9/2019 20:00,6.907,41.41,3.452,0.519,0.176,-14.76,-14.87,-0.118,89,0.292,742.3,AF
3/9/2019 21:00,7.528,41.14,3.756,0.548,0.178,-15.21,-15.32,-0.11,88.7,-0.016,742,AF
3/9/2019 22:00,6.742,45.64,4.012,0.549,0.214,-15.54,-15.64,-0.092,88.4,-0.017,742,AF
3/9/2019 23:00,7.516,43.29,3.567,0.588,0.225,-15.79,-15.9,-0.114,88.2,-0.025,741.6,AF
3/10/2019 0:00,8.05,42.88,3.412,0.607,0.214,-16.48,-16.61,-0.124,87.6,-0.043,741.5,AF
3/10/2019 1:00,7.895,45.13,3.713,0.677,0.241,-16.81,-16.95,-0.139,87.3,-0.021,741.6,AF
3/10/2019 3:00,8.42,44.79,3.944,0.735,0.252,-16.85,-16.99,-0.132,87.3,-0.011,741.1,AF
3/10/2019 4:00,8.46,44.77,3.91,0.733,0.255,-16.67,-16.79,-0.121,87.5,-0.001,740.7,AF
3/10/2019 5:00,8.86,44.39,3.572,0.689,0.225,-16.52,-16.65,-0.128,87.6,-0.006,740.5,AF
3/10/2019 6:00,7.993,45.75,3.765,0.684,0.242,-16.53,-16.63,-0.105,87.5,-0.01,740.3,AF
3/10/2019 7:00,8.88,42.68,3.326,0.694,0.216,-16.81,-16.94,-0.132,87.3,-0.031,739.9,AF
3/10/2019 8:00,8.66,42.23,3.702,0.706,0.226,-17.09,-17.21,-0.124,87.1,-0.014,739.7,AF
3/10/2019 9:00,9.11,41.33,3.775,0.711,0.226,-17.25,-17.38,-0.131,86.9,0.709,739.5,AF
3/10/2019 10:00,9.37,41.42,3.73,0.755,0.249,-17.35,-17.51,-0.159,86.8,13.12,739.3,AF
3/10/2019 11:00,9.18,43.41,3.897,0.808,0.281,-17.36,-17.61,-0.245,86.6,41.23,739.3,AF
3/10/2019 12:00,9.64,40.53,3.874,0.821,0.248,-17.44,-17.86,-0.42,86.3,90.4,739.1,AF
3/10/2019 13:00,9.88,40.81,3.719,0.841,0.249,-17.67,-18.24,-0.574,85.8,133.7,739.2,AF
3/10/2019 14:00,9.3,41.72,3.398,0.813,0.257,-17.74,-18.36,-0.619,85.6,152,739.3,AF
3/10/2019 15:00,9.35,40.14,3.769,0.792,0.244,-17.61,-18.23,-0.622,85.8,143.6,739.4,AF
3/10/2019 16:00,9.49,39.41,4.217,0.797,0.253,-17.88,-18.5,-0.621,85.6,142.9,739.5,AF
3/10/2019 17:00,9.85,38.19,4.026,0.856,0.276,-18.42,-18.96,-0.533,85.3,111.1,739.7,AF
3/10/2019 18:00,9.54,40,4.359,0.867,0.34,-18.9,-19.32,-0.423,85.1,80.9,740,AF
3/10/2019 19:00,9.91,41.2,3.427,0.878,0.34,-19.23,-19.51,-0.278,85,41.45,740.1,AF
3/10/2019 20:00,9.05,43.83,3.736,0.859,0.406,-19.4,-19.56,-0.155,85,8.98,740.5,AF
3/10/2019 21:00,9.18,42.63,3.496,0.854,0.359,-19.68,-19.81,-0.133,84.8,0.424,741.1,AF
3/10/2019 22:00,8.95,41.33,3.97,0.831,0.342,-19.82,-19.93,-0.117,84.7,-0.009,741.6,AF
3/10/2019 23:00,9.18,42.3,3.484,0.901,0.365,-20.16,-20.26,-0.103,84.4,-0.013,741.9,AF
3/11/2019 0:00,8.86,46.7,4.179,0.936,0.406,-20.21,-20.32,-0.11,84.4,-0.008,742.4,AF
3/11/2019 1:00,8.86,43.95,3.941,0.896,0.392,-20.77,-20.91,-0.142,84,-0.019,743,AF
3/11/2019 2:00,8.84,43.65,3.766,0.915,0.403,-21.48,-21.62,-0.134,83.4,-0.013,743.5,AF
3/11/2019 3:00,8.78,43.48,3.864,0.858,0.379,-22.04,-22.19,-0.148,83,-0.014,744.1,AF
3/11/2019 4:00,8.48,43.5,3.898,0.832,0.361,-22.62,-22.74,-0.126,82.5,-0.011,744.8,AF
3/11/2019 5:00,8.26,42.4,3.685,0.794,0.352,-23.12,-23.27,-0.145,82.1,-0.012,745.2,AF
3/11/2019 6:00,8.57,43.32,3.477,0.908,0.385,-23.73,-23.85,-0.119,81.6,-0.01,745.7,AF
3/11/2019 7:00,8.54,43.08,3.305,0.908,0.353,-24.24,-24.35,-0.115,81.2,-0.003,746.2,AF
3/11/2019 8:00,9.12,41.41,3.528,0.904,0.324,-24.62,-24.78,-0.161,80.9,-0.004,746.7,AF
3/11/2019 9:00,8.03,43.64,3.493,0.868,0.361,-25.07,-25.22,-0.146,80.6,1.335,747.2,AF
3/11/2019 10:00,8.23,43.5,3.802,0.902,0.379,-25.39,-25.61,-0.217,80.3,15.37,747.7,AF
3/11/2019 11:00,7.977,42.99,3.901,0.904,0.352,-25.74,-26.07,-0.337,79.95,57.62,748.2,AF
3/11/2019 12:00,7.88,43.59,3.787,0.825,0.328,-25.97,-26.41,-0.443,79.71,97,748.8,AF
3/11/2019 13:00,7.264,45.19,3.923,0.835,0.37,-25.82,-26.43,-0.61,79.69,156.1,749.6,AF
3/11/2019 14:00,7.362,44.56,3.699,0.846,0.343,-25.99,-26.62,-0.629,79.55,159.4,750.1,AF
3/11/2019 15:00,6.855,44.56,3.788,0.826,0.358,-26.05,-26.69,-0.643,79.5,184.3,750.6,AF
3/11/2019 16:00,7.144,42.45,3.508,0.752,0.293,-26.15,-26.79,-0.646,79.44,177.8,751,AF
3/11/2019 17:00,6.919,44.13,3.693,0.73,0.317,-26.21,-26.81,-0.6,79.39,144.4,751.4,AF
3/11/2019 18:00,6.929,44.11,3.509,0.781,0.335,-26.47,-26.95,-0.481,79.25,103,751.8,AF
3/11/2019 19:00,6.847,47.28,3.882,0.764,0.319,-26.64,-26.96,-0.326,79.15,59.04,752.1,AF
3/11/2019 20:00,6.553,45.07,3.621,0.738,0.319,-26.91,-27.09,-0.182,79.03,17.64,752.6,AF
3/11/2019 21:00,5.961,46.73,3.777,0.651,0.317,-27.15,-27.15,-0.008,78.92,0.719,753.1,AF
3/11/2019 22:00,5.806,44.33,3.587,0.589,0.298,-27.03,-27.1,-0.077,78.91,0,753.5,AF
3/11/2019 23:00,6.443,45.77,3.95,0.722,0.336,-26.87,-27.02,-0.148,79.01,-0.001,753.7,AF
3/12/2019 0:00,6.506,49.61,3.675,0.699,0.271,-26.92,-27.09,-0.167,78.96,-0.001,754.2,AF
3/12/2019 1:00,6.215,49.29,3.765,0.649,0.253,-26.93,-27.08,-0.153,78.94,0,754.5,AF
3/12/2019 2:00,5.729,48.18,3.897,0.647,0.281,-26.74,-26.88,-0.138,79.04,0,754.9,AF
3/12/2019 3:00,5.909,47.72,3.747,0.655,0.288,-26.65,-26.78,-0.125,79.12,0,755.3,AF
3/12/2019 4:00,5.956,50.28,3.76,0.604,0.257,-26.6,-26.74,-0.142,79.14,0,755.5,AF
3/12/2019 5:00,5.785,50.78,4.125,0.582,0.252,-26.63,-26.79,-0.152,79.13,-0.001,755.8,AF
3/12/2019 6:00,5.691,48.48,3.664,0.589,0.252,-26.66,-26.83,-0.166,79.09,-0.001,756,AF
3/12/2019 7:00,5.374,45.87,3.711,0.59,0.282,-26.61,-26.76,-0.152,79.11,0,756.2,AF
3/12/2019 8:00,5.398,43.81,3.193,0.557,0.269,-26.65,-26.79,-0.145,79.11,0,756.5,AF
3/12/2019 9:00,5.243,45.04,3.252,0.557,0.26,-26.98,-27.14,-0.16,78.91,1.715,756.6,AF
3/12/2019 10:00,5.036,48.6,3.727,0.571,0.244,-27.01,-27.26,-0.247,78.82,22.69,757,AF
3/12/2019 11:00,5.315,50.05,3.315,0.513,0.219,-26.74,-27.18,-0.439,78.99,82.1,757.3,AF
3/12/2019 12:00,4.69,49.55,4.268,0.517,0.246,-26.23,-26.94,-0.718,79.39,151.9,757.5,AF
3/12/2019 13:00,4.735,57.69,4.791,0.483,0.191,-25.61,-26.57,-0.959,79.47,228.6,757.7,AF
3/12/2019 14:00,4.58,54.77,4.865,0.452,0.203,-25.1,-26.25,-1.151,80.1,240.7,758,AF
3/12/2019 15:00,4.525,52.57,3.716,0.427,0.183,-25.47,-26.33,-0.855,80.1,178.2,758.1,AF
3/12/2019 16:00,4.548,59.88,4.162,0.438,0.163,-25.59,-26.31,-0.715,79.54,162.2,758.2,AF
3/12/2019 17:00,5.158,57.18,4.141,0.533,0.207,-25.14,-25.93,-0.786,79.85,166.8,758.3,AF
3/12/2019 18:00,4.633,54.84,4.116,0.468,0.183,-24.85,-25.48,-0.631,80.3,113.5,758.6,AF
3/12/2019 19:00,5.083,54.14,3.279,0.494,0.178,-25.17,-25.56,-0.387,80.2,65.02,758.6,AF
3/12/2019 20:00,4.22,61.64,3.694,0.411,0.147,-25.79,-25.87,-0.085,79.8,17.02,758.9,AF
3/12/2019 21:00,3.991,62.26,3.831,0.402,0.133,-26.18,-26.17,0.015,79.52,1.016,759.2,AF
3/12/2019 22:00,3.604,63.95,3.048,0.314,0.115,-27.02,-26.74,0.275,79,-0.001,759.3,AF
3/12/2019 23:00,4.149,61.21,2.761,0.376,0.114,-27.71,-27.33,0.381,78.5,-0.001,759.6,AF
3/13/2019 0:00,4.265,63.14,3.305,0.374,0.108,-28.35,-27.88,0.465,78.04,-0.001,759.7,AF
3/13/2019 1:00,4.231,65.68,4.352,0.353,0.158,-28.24,-28.17,0.073,77.98,0,759.9,AF
3/13/2019 2:00,5.016,70.44,3.703,0.394,0.18,-27.54,-27.65,-0.115,78.45,0,760,AF
3/13/2019 3:00,5.063,73.41,3.136,0.346,0.177,-27.23,-27.39,-0.154,78.66,0,760.1,AF
3/13/2019 4:00,4.513,70.43,3.342,0.369,0.154,-27.25,-27.37,-0.121,78.64,-0.001,760.2,AF
3/13/2019 5:00,4.519,68.36,3.49,0.401,0.145,-27.54,-27.64,-0.097,78.44,-0.001,760.2,AF
3/13/2019 6:00,4.864,65.12,3.418,0.44,0.145,-27.91,-27.97,-0.056,78.2,-0.001,760.1,AF
3/13/2019 7:00,5.283,59.69,3.993,0.493,0.159,-28.61,-28.54,0.072,77.8,-0.001,760.2,AF
3/13/2019 8:00,5.287,62.29,4.467,0.479,0.154,-29.35,-29.3,0.054,77.26,0.009,760.2,AF
3/13/2019 9:00,5.384,67,3.942,0.425,0.155,-29.87,-29.8,0.066,76.86,3.107,760.2,AF
3/13/2019 10:00,5.673,65.66,3.641,0.482,0.167,-30.4,-30.42,-0.017,76.45,26.26,760.2,AF
3/13/2019 11:00,5.761,67.72,3.681,0.445,0.177,-30.86,-31.12,-0.261,75.95,87.5,760.2,AF
3/13/2019 12:00,6.32,67.28,4.27,0.501,0.229,-30.06,-30.76,-0.699,76.15,213.1,760.1,AF
3/13/2019 13:00,6.624,68.2,4.258,0.537,0.235,-29.31,-29.96,-0.651,76.57,297.3,760,AF
3/13/2019 14:00,6.868,67.7,3.69,0.615,0.238,-28.89,-29.46,-0.57,76.77,355.8,759.9,AF
3/13/2019 15:00,7.637,63.18,4.182,0.769,0.271,-28.1,-28.51,-0.411,77.39,378.2,759.7,AF
3/13/2019 16:00,7.748,57.64,4.038,0.837,0.276,-27.57,-27.91,-0.344,77.96,300.3,759.4,AF
3/13/2019 17:00,7.84,57.82,4.075,0.837,0.271,-27.12,-27.41,-0.283,78.33,238.8,759.1,AF
3/13/2019 18:00,7.593,55.84,3.855,0.791,0.274,-27.05,-27.23,-0.184,78.53,193.1,758.8,AF
3/13/2019 19:00,7.679,58.69,4.087,0.791,0.279,-27.05,-27.14,-0.09,78.53,79.88,758.6,AF
3/13/2019 20:00,7.431,61.09,3.963,0.763,0.227,-27.49,-27.42,0.071,78.35,22.89,758.5,AF
3/13/2019 21:00,7.6,59.03,3.985,0.772,0.233,-28.21,-28.02,0.197,77.95,1.845,758.2,AF
3/13/2019 22:00,7.74,60.5,4.05,0.772,0.24,-28.42,-28.21,0.205,77.79,0.002,757.9,AF
3/13/2019 23:00,8.06,61.6,4.148,0.814,0.244,-28.38,-28.19,0.189,77.81,0,757.5,AF
3/14/2019 0:00,8.6,62.12,4.06,0.887,0.249,-28.09,-27.91,0.176,78,0.001,757.1,AF
3/14/2019 1:00,8.68,61.26,4.062,0.911,0.268,-28.02,-27.82,0.205,78.04,0.001,756.9,AF
3/14/2019 2:00,8.16,55.49,3.736,0.837,0.285,-28.26,-28.15,0.106,77.94,0,756.3,AF
3/14/2019 3:00,8,55.36,3.896,0.809,0.303,-28.35,-28.21,0.145,77.73,0.001,755.8,AF
3/14/2019 4:00,8.14,56.45,3.917,0.818,0.275,-27.78,-27.61,0.164,78.14,0.003,755.4,AF
3/14/2019 5:00,7.917,56.48,4.037,0.802,0.288,-27.59,-27.41,0.185,78.29,0.002,754.7,AF
3/14/2019 6:00,8.27,58.44,4.265,0.854,0.292,-27.17,-27.02,0.158,78.57,0.003,754.2,AF
3/14/2019 7:00,8.11,55.64,4.13,0.831,0.317,-26.88,-26.81,0.063,78.81,0.002,753.8,AF
3/14/2019 8:00,7.323,53.94,3.521,0.716,0.258,-27.3,-27.18,0.116,78.57,0.021,753.4,AF
3/14/2019 9:00,7.531,52.61,3.382,0.801,0.258,-27.53,-27.4,0.132,78.34,3.071,752.9,AF
3/14/2019 10:00,8.06,51.03,3.315,0.852,0.275,-27.18,-27.17,0.017,78.55,31.14,752.4,AF
3/14/2019 11:00,8.41,51.8,3.409,0.896,0.292,-26.5,-26.72,-0.219,79.1,89.5,752,AF
3/14/2019 12:00,8.4,51.64,3.343,0.897,0.284,-25.75,-26.15,-0.399,79.81,165,751.7,AF
3/14/2019 13:00,8.28,49.59,3.318,0.842,0.34,-24.88,-25.29,-0.414,80.4,221.5,751.3,AF
3/14/2019 14:00,7.26,47.97,3.553,0.777,0.336,-23.81,-24.35,-0.54,81.2,227.6,751.2,AF
3/14/2019 15:00,5.855,44.08,3.73,0.667,0.33,-23.22,-23.81,-0.592,81.7,212.9,751.1,AF
3/14/2019 16:00,5.864,45.62,3.688,0.708,0.341,-22.29,-22.73,-0.439,82.4,227.4,750.8,AF
3/14/2019 17:00,6.973,49.69,3.521,0.713,0.307,-21.39,-21.78,-0.386,83.2,233.3,750.5,AF
3/14/2019 18:00,7.64,55.53,3.878,0.772,0.275,-21.49,-21.67,-0.184,83,186.8,750.4,AF
3/14/2019 19:00,6.541,56.07,3.749,0.627,0.233,-21.62,-21.71,-0.086,82.9,80.8,750.3,AF
3/14/2019 20:00,5.386,56.23,3.685,0.504,0.16,-22.24,-22.05,0.183,82.6,27.32,750.3,AF
3/14/2019 21:00,5.023,57.28,3.971,0.446,0.154,-23.29,-22.64,0.657,81.7,1.96,750.3,AF
3/14/2019 22:00,4.763,56.73,4.402,0.411,0.163,-23.82,-23,0.816,81.3,0.012,750.3,AF
3/14/2019 23:00,5.176,58.53,2.933,0.43,0.128,-24.42,-23.39,1.033,80.9,0.004,750.2,AF
3/15/2019 0:00,4.801,56.81,2.55,0.406,0.116,-24.95,-23.92,1.031,80.6,0.001,750.3,AF
3/15/2019 1:00,3.975,53.7,2.243,0.319,0.112,-24.73,-23.67,1.065,80.4,0.003,750.5,AF
3/15/2019 2:00,3.919,52.6,2.605,0.329,0.125,-23.01,-22.48,0.526,81.3,0.002,750.6,AF
3/15/2019 3:00,4.177,55.24,3.042,0.354,0.131,-21.8,-21.53,0.277,82.5,0.003,750.7,AF
3/15/2019 4:00,4.118,56.16,3.079,0.345,0.13,-21.14,-20.94,0.196,83.1,0.003,750.8,AF
3/15/2019 5:00,3.781,58.74,3.498,0.335,0.123,-20.5,-20.28,0.216,83.6,0.011,750.9,AF
3/15/2019 6:00,4.186,72.45,3.712,0.271,0.142,-19.92,-19.75,0.175,84.3,0.007,750.9,AF
3/15/2019 7:00,4.052,91.2,5.528,0.182,0.188,-20.41,-20.42,-0.014,83.9,-0.027,751.1,AF
3/15/2019 8:00,3.899,100.9,4.493,0.368,0.182,-21.46,-21.52,-0.066,83.1,0.008,751.3,AF
3/15/2019 9:00,5.282,94.8,3.745,0.214,0.186,-22.32,-22.41,-0.085,82.4,3.748,751.4,AF
3/15/2019 10:00,4.746,97.6,8.1,0.353,0.254,-23.57,-23.66,-0.094,81.4,36.58,751.6,AF
3/15/2019 11:00,3.644,104.3,5.177,0.385,0.163,-24.09,-24.19,-0.099,80.8,103,751.9,AF
3/15/2019 12:00,3.4,108.6,5.959,0.392,0.225,-23.74,-23.8,-0.066,80.8,197.9,752.3,AF
3/15/2019 13:00,4.012,96.5,4.399,0.285,0.196,-24.19,-23.47,0.721,80.3,363.9,752.3,AF
3/15/2019 14:00,5.246,85.2,4.147,0.167,0.178,-23.38,-22.84,0.545,80.9,444.5,752.3,AF
3/15/2019 15:00,4.988,102.4,4.543,0.478,0.264,-23.06,-21.77,1.289,81.2,442.7,752.4,AF
3/15/2019 16:00,4.966,107.9,4.416,0.604,0.203,-23.29,-22.49,0.796,81,378.1,752.6,AF
3/15/2019 17:00,4.717,98,4.399,0.277,0.209,-23.05,-22.29,0.757,81.4,288.8,752.5,AF
3/15/2019 18:00,4.472,102.6,4.531,0.346,0.198,-22.1,-21.99,0.107,82.2,127.3,752.3,AF
3/15/2019 19:00,3.21,106.6,6.206,0.318,0.193,-21.4,-21.44,-0.043,82.9,63.04,752.5,AF
3/15/2019 20:00,4.733,77.49,6.167,0.17,0.141,-21.14,-20.89,0.251,83.3,27.45,751.9,AF
3/15/2019 21:00,5.9,94.1,3.85,0.15,0.159,-21.46,-20.93,0.526,83.2,3.107,751.6,AF
3/15/2019 22:00,4.792,105.2,3.578,0.407,0.127,-23.01,-22.56,0.44,81.9,0.015,751.9,AF
3/15/2019 23:00,3.441,96.5,6.488,0.302,0.208,-24.33,-23.86,0.47,81.2,-0.008,751.8,AF
3/16/2019 0:00,3.737,66.07,3.409,0.211,0.123,-24.48,-23.54,0.938,80.8,0.025,751.4,AF
3/16/2019 1:00,4.49,89,7.472,0.112,0.136,-23.78,-23.05,0.728,81.5,0.001,751.3,AF
3/16/2019 2:00,4.936,79.54,5.481,0.13,0.147,-22.9,-22.35,0.558,82.1,0.029,750.9,AF
3/16/2019 3:00,8.1,80.1,4.679,0.23,0.186,-20.27,-19.83,0.443,84.3,0.028,750.2,AF
3/16/2019 4:00,7.302,79.02,4.704,0.225,0.18,-19.91,-19.65,0.253,84.4,0.002,749.9,AF
3/16/2019 5:00,6.529,76.2,4.939,0.26,0.171,-20.67,-20.55,0.112,83.8,-0.004,749.3,AF
3/16/2019 6:00,6.592,70.96,3.96,0.358,0.154,-21.31,-21.2,0.108,83.3,0,748.5,AF
3/16/2019 7:00,8.33,76.37,4.511,0.319,0.219,-20.99,-20.86,0.136,83.6,0.009,747.9,AF
3/16/2019 8:00,8.39,75.28,4.315,0.306,0.194,-20.8,-20.64,0.151,83.8,0.084,747.5,AF
3/16/2019 9:00,6.709,67.43,4.881,0.406,0.203,-20.34,-20.25,0.084,84.1,9.68,747.1,AF
3/16/2019 10:00,8.69,69.4,5.263,0.478,0.238,-19.97,-20.09,-0.115,84.4,55.48,745.9,AF
3/16/2019 11:00,10.26,75.86,4.765,0.389,0.243,-19.09,-19.32,-0.231,84.9,108.3,745.3,AF
3/16/2019 12:00,8.73,89.7,5.45,0.271,0.233,-18.63,-18.68,-0.046,85.1,120.5,745.6,AF
3/16/2019 13:00,9.63,88.3,4.527,0.186,0.204,-18.16,-18.25,-0.088,85.6,123.3,745.1,AF
3/16/2019 14:00,11.39,87.2,4.392,0.169,0.229,-16.9,-17.18,-0.274,86.5,170.3,744.5,AF
3/16/2019 15:00,11.29,86.3,4.453,0.313,0.282,-15.64,-15.91,-0.278,87.4,194.2,744,AF
3/16/2019 16:00,11.37,87.7,4.112,0.396,0.309,-14.65,-14.75,-0.101,88.3,197.6,743.4,AF
3/16/2019 17:00,10.56,85.3,4.257,0.574,0.313,-14.2,-14.18,0.018,88.8,264.5,743.1,AF
3/16/2019 18:00,7.172,85.4,5.308,0.315,0.236,-14.55,-14.45,0.102,88.7,122.2,743.1,AF
3/16/2019 19:00,7.963,80.3,4.699,0.455,0.275,-13.98,-14.1,-0.114,89.4,62.12,742.7,AF
3/16/2019 20:00,6.783,70.87,4.14,0.567,0.186,-14.57,-14.49,0.074,89.1,23.89,742.2,AF
3/16/2019 21:00,5.983,65.94,4.179,0.561,0.18,-15.23,-15.09,0.142,88.6,2.124,742,AF
3/16/2019 22:00,5.583,69.47,3.999,0.485,0.166,-15.23,-15.05,0.179,88.6,0.023,741.9,AF
3/16/2019 23:00,6.668,66.17,3.796,0.644,0.186,-15.22,-15.11,0.109,88.6,0.017,741.5,AF
3/17/2019 0:00,5.941,67.97,3.576,0.539,0.185,-15.89,-15.64,0.252,88.1,0.007,741.4,AF
3/17/2019 1:00,4.567,71.95,3.846,0.341,0.139,-15.99,-15.7,0.293,88,0.006,741.7,AF
3/17/2019 2:00,5.567,83.5,4.68,0.227,0.181,-15.39,-15.35,0.047,88.5,0.014,741.8,AF
3/17/2019 3:00,4.621,79.89,4.937,0.28,0.182,-15.09,-15.18,-0.092,88.8,0.004,741.8,AF
3/17/2019 4:00,3.55,105.8,5.164,0.378,0.194,-14.54,-14.65,-0.112,89.2,0.033,742.2,AF
3/17/2019 5:00,2.425,134.8,5.62,0.368,0.18,-13.81,-13.98,-0.165,89.8,0.032,742.3,AF
3/17/2019 6:00,1.33,143.5,10.88,0.163,0.123,-13.53,-13.7,-0.172,90,-0.011,742.3,AF
3/17/2019 7:00,1.722,194.4,7.466,0.203,0.131,-14.18,-14.08,0.103,89.7,-0.052,742.3,AF
3/17/2019 8:00,1.447,184.5,22.16,0.169,0.133,-15.51,-14.99,0.526,88.8,0.069,742.3,AF
3/17/2019 9:00,2.532,151.7,5.784,0.119,0.119,-15.49,-14.91,0.582,88.3,14.15,742.5,AF
3/17/2019 10:00,2.151,143.7,7.569,0.214,0.145,-13.63,-13.92,-0.291,89,69.5,742.5,AF
3/17/2019 11:00,2.539,124.3,5.84,0.354,0.133,-12.85,-12.77,0.084,90.1,102.3,742.4,AF
3/17/2019 12:00,3.684,111.4,5.595,0.483,0.177,-10.97,-10.8,0.177,91.5,287.1,742.4,AF
3/17/2019 13:00,5,100.3,5.865,0.396,0.253,-11.87,-10.82,1.05,90.6,401.1,742.6,AF
3/17/2019 14:00,3.705,92.5,16.46,0.314,0.273,-11.72,-10.38,1.336,90.7,481.2,742.7,AF
3/17/2019 15:00,4.102,95.1,10.01,0.237,0.196,-12.42,-10.35,2.063,90.2,482.4,742.6,AF
3/17/2019 16:00,3.869,77.74,11.2,0.264,0.181,-12.6,-12.04,0.563,90.4,443.9,742.3,AF
3/17/2019 17:00,4.301,76.99,14.98,0.252,0.225,-12.99,-12.61,0.38,90.2,311.5,741.9,AF
3/17/2019 18:00,4.647,92.2,18.36,0.277,0.253,-12.88,-12.17,0.714,90.3,219.2,742,AF
3/17/2019 19:00,4.324,91.1,9.48,0.224,0.236,-12.93,-12.13,0.803,90.1,130.2,741.6,AF
3/17/2019 20:00,4.496,85.3,10.59,0.159,0.186,-13.74,-13.05,0.692,90,37.39,741.1,AF
3/17/2019 21:00,4.566,95.6,11.61,0.221,0.24,-13.61,-12.82,0.786,90.2,3.566,740.9,AF
3/17/2019 22:00,2.799,85.3,30.53,0.078,0.213,-13.74,-12.93,0.817,90.1,0.026,740.5,AF
3/17/2019 23:00,3.141,89.4,24.9,0.076,0.246,-12.35,-11.32,1.023,91.2,0.04,740,AF
3/18/2019 0:00,2.257,93.1,42.64,0.148,0.172,-11.6,-10.85,0.755,91.9,-0.009,739.5,AF
3/18/2019 1:00,0.724,49.89,44.88,0.122,0.108,-11.17,-10.28,0.894,92.3,-0.002,739.5,AF
3/18/2019 2:00,2.518,268.1,8.99,0.284,0.128,-10.47,-9.99,0.484,92.7,0.019,739.5,AF
3/18/2019 3:00,5.581,268.8,5.605,0.698,0.259,-9.85,-9.78,0.068,93.4,0.001,739.3,AF
3/18/2019 4:00,6.335,288.4,4.33,0.891,0.27,-10.43,-10.47,-0.037,92.9,-0.002,739.1,AF
3/18/2019 5:00,7.369,284.5,4.235,1.105,0.258,-11.21,-11.3,-0.084,92.2,0,739.5,AF
3/18/2019 6:00,7.963,282.8,4.315,1.234,0.296,-11.1,-11.18,-0.076,92.4,0.003,740.2,AF
3/18/2019 7:00,10.27,281.1,3.775,1.582,0.451,-10.01,-10,0.002,93.5,0.008,740.6,AF
3/18/2019 8:00,13.81,277.7,4.397,2.202,0.495,-10.79,-10.82,-0.035,92.7,0.135,741.6,AF
3/18/2019 9:00,15.1,283.4,3.576,2.521,0.46,-12.52,-12.58,-0.062,91.2,7,742.9,AF
3/18/2019 10:00,14.4,289.5,4.004,2.404,0.456,-13.58,-13.66,-0.079,90.1,57.36,744.4,AF
3/18/2019 11:00,12.73,287.8,4.26,2.106,0.452,-15.29,-15.47,-0.176,88.4,116.7,745.7,AF
3/18/2019 12:00,11.76,283,3.932,1.91,0.387,-15.96,-16.22,-0.263,87.7,154.7,746.9,AF
3/18/2019 13:00,10.91,271.6,3.817,1.682,0.337,-16.08,-16.49,-0.411,87.6,190.3,747.9,AF
3/18/2019 14:00,10.14,267,3.81,1.539,0.285,-16.09,-16.66,-0.572,87.5,219.8,748.9,AF
3/18/2019 15:00,8.92,270.3,4.14,1.391,0.252,-16.07,-16.65,-0.584,87.5,230.6,749.6,AF
3/18/2019 16:00,7.479,271.5,4.096,1.162,0.23,-16.3,-16.49,-0.188,87.4,284.2,750.2,AF
3/18/2019 17:00,6.328,276.3,3.356,0.986,0.197,-16.77,-16.72,0.047,87.1,227.5,750.1,AF
3/18/2019 18:00,4.783,272.7,4.392,0.73,0.171,-16.16,-16.55,-0.391,87.6,153.6,750.4,AF
3/18/2019 19:00,3.434,272.7,3.646,0.532,0.143,-16.34,-16.58,-0.234,87.6,97.3,750.6,AF
3/18/2019 20:00,2.743,274.4,6.031,0.447,0.158,-16.74,-17.04,-0.298,87.3,35.73,750.6,AF
3/18/2019 21:00,1.882,307.5,8.86,0.325,0.15,-17.17,-17.33,-0.166,86.8,7.426,750.3,AF
3/18/2019 22:00,1.505,4.284,10.77,0.166,0.155,-17.16,-17.31,-0.148,86.8,0.106,750.3,AF
3/18/2019 23:00,1.95,32.76,6.932,0.166,0.15,-16.89,-17.03,-0.135,87,0.022,750.2,AF
3/19/2019 0:00,2.742,48.36,4.341,0.177,0.16,-16.65,-16.74,-0.089,87.3,0.012,750,AF
3/19/2019 1:00,3.536,54.24,3.845,0.213,0.149,-16.73,-16.75,-0.017,87.3,0.003,749.8,AF
3/19/2019 2:00,3.789,64.56,3.86,0.251,0.163,-16.7,-16.7,0.006,87.3,-0.003,749.5,AF
3/19/2019 3:00,5.642,66.86,3.361,0.378,0.213,-16.37,-16.45,-0.079,87.5,0.003,749.1,AF
3/19/2019 4:00,5.047,65.78,3.689,0.367,0.193,-16.41,-16.5,-0.09,87.6,-0.002,749.1,AF
3/19/2019 5:00,5.409,57.21,4.048,0.385,0.221,-16.53,-16.61,-0.085,87.5,-0.014,749.1,AF
3/19/2019 6:00,5.014,52.05,3.747,0.314,0.236,-16.68,-16.77,-0.087,87.4,-0.011,749,AF
3/19/2019 7:00,5.161,43.25,4.128,0.297,0.252,-16.81,-16.9,-0.09,87.2,-0.008,749,AF
3/19/2019 8:00,5.25,32.98,3.979,0.343,0.219,-16.93,-17.03,-0.094,87.1,0.277,749.2,AF
3/19/2019 9:00,4.805,28.86,3.804,0.317,0.2,-17,-17.1,-0.106,87,9.41,749.4,AF
3/19/2019 10:00,4.143,29.73,3.784,0.279,0.186,-16.89,-17.05,-0.152,87,42.02,749.8,AF
3/19/2019 11:00,2.954,41.09,4.518,0.196,0.177,-16.49,-16.72,-0.231,87.4,94.1,750.2,AF
3/19/2019 12:00,0.775,59.4,6.386,0.116,0.114,-15.41,-15.66,-0.251,88.6,132.9,750.8,AF
3/19/2019 13:00,0.949,209.9,6.701,0.123,0.097,-13.97,-13.86,0.111,90.4,201.2,751.5,AF
3/19/2019 14:00,2.136,218.1,4.222,0.224,0.116,-13.57,-13.75,-0.178,91.9,249.2,752.2,AF
3/19/2019 15:00,2.552,210.4,3.051,0.269,0.1,-15.1,-13.92,1.179,91.3,218,752.8,AF
3/19/2019 16:00,3.426,196.4,2.715,0.293,0.123,-16.73,-16.06,0.667,88.4,190.5,753.1,AF
3/19/2019 17:00,4.596,183,4.438,0.312,0.156,-18.33,-17.53,0.803,85.1,224.6,753.4,AF
3/19/2019 18:00,6.282,182.5,2.452,0.442,0.134,-18.61,-17.76,0.846,85.2,219.5,753.8,AF
3/19/2019 19:00,6.699,185.9,7.027,0.482,0.188,-17.77,-17.38,0.392,85.4,122.3,754.2,AF
3/19/2019 20:00,7.47,234,5.064,0.739,0.213,-16.49,-15.78,0.715,86.8,52.01,754.9,AF
3/19/2019 21:00,7.725,234.6,5.827,0.816,0.282,-16.69,-15.67,1.017,87.5,15.78,755.8,AF
3/19/2019 22:00,5.188,224.3,9.46,0.469,0.208,-19.02,-17.5,1.516,85.8,-0.012,756.7,AF
3/19/2019 23:00,5.403,228.4,4.366,0.45,0.182,-20.2,-17.88,2.321,84.9,-0.157,757,AF
3/20/2019 0:00,4.483,216.1,7.23,0.363,0.145,-20.37,-17.81,2.561,84.6,-0.233,757.5,AF
3/20/2019 1:00,5.669,221.9,5.034,0.486,0.13,-21.18,-18.57,2.616,83.8,-0.127,758.2,AF
3/20/2019 2:00,6.104,248,9.76,0.656,0.196,-20.88,-18.65,2.23,84.1,-0.075,759,AF
3/20/2019 3:00,5.506,285.4,3.698,0.746,0.099,-22.74,-20.88,1.862,82.8,0.001,760.1,AF
3/20/2019 4:00,5.148,272.1,5.078,0.655,0.126,-23.69,-20.72,2.965,82,0.009,760.4,AF
3/20/2019 5:00,3.386,249.8,24.81,0.375,0.16,-24.93,-22.35,2.582,80.7,-0.045,760.8,AF
3/20/2019 6:00,3.701,207.8,9.45,0.303,0.121,-25.5,-22.72,2.785,80.5,-0.237,760.9,AF
3/20/2019 7:00,5.151,203.7,6.447,0.406,0.1,-25.93,-22.08,3.85,80.2,-0.09,760.9,AF
3/20/2019 8:00,4.601,175.2,9.65,0.214,0.229,-26.61,-23.27,3.336,79.44,0.769,760.8,AF
3/20/2019 9:00,3.706,177.5,6.111,0.117,0.16,-26.6,-23.43,3.171,79.49,27.5,760.5,AF
3/20/2019 10:00,2.861,167.7,6.193,0.1,0.111,-24.34,-23.01,1.322,79.69,137.3,760.2,AF
3/20/2019 11:00,2.801,165.1,4.759,0.1,0.119,-21.35,-22.01,-0.656,80.5,272.9,760,AF
3/20/2019 12:00,2.402,135,4.384,0.126,0.105,-22.4,-21.8,0.6,81,369.4,759.7,AF
3/20/2019 13:00,2.993,93.1,14.46,0.068,0.108,-23.35,-21.06,2.29,81.9,439.9,759.3,AF
3/20/2019 14:00,3.734,94.4,10.37,0.065,0.116,-23.71,-21.4,2.309,80.9,465.4,758.9,AF
3/20/2019 15:00,2.945,75.68,10.03,0.098,0.122,-23.3,-21.33,1.969,81.4,474.3,758.5,AF
3/20/2019 16:00,2.567,47.99,9.91,0.11,0.136,-23.35,-22.38,0.974,81.4,424.9,758.2,AF
3/20/2019 17:00,2.696,32.45,11.58,0.153,0.137,-22.88,-22.2,0.678,81.2,362,757.9,AF
3/20/2019 18:00,2.8,43.57,8.52,0.171,0.145,-22.1,-22.09,0.002,82.4,193,757.7,AF
3/20/2019 19:00,3.473,24.87,4.607,0.18,0.128,-21.49,-21.55,-0.062,82.3,118,757.7,AF
3/20/2019 20:00,4.213,15.48,5.486,0.314,0.189,-20.59,-20.71,-0.118,83.4,45.28,757.7,AF
3/20/2019 21:00,4.265,10.91,4.255,0.337,0.185,-21.15,-21.24,-0.097,83.4,9.09,757.8,AF
3/20/2019 22:00,4.278,5.652,7.023,0.364,0.174,-20.8,-20.79,0.002,83.7,0.171,757.7,AF
3/20/2019 23:00,3.396,3.484,7.185,0.275,0.131,-21.88,-21.33,0.551,82.9,-0.08,757.8,AF
3/21/2019 0:00,3.789,355.8,9.07,0.336,0.137,-21.84,-21.46,0.385,83.3,-0.029,757.9,AF
3/21/2019 1:00,3.493,2.575,7.708,0.324,0.156,-21.38,-21.33,0.054,83.3,-0.017,757.9,AF
3/21/2019 2:00,3.715,8.72,3.543,0.288,0.136,-22.66,-22.22,0.447,82.3,-0.047,757.9,AF
3/21/2019 3:00,3.085,6.373,3.849,0.185,0.12,-24.22,-23.29,0.934,81.4,-0.077,758.1,AF
3/21/2019 4:00,2.578,5.219,5.569,0.216,0.125,-24.31,-23.72,0.596,81.4,-0.026,758,AF
3/21/2019 5:00,4.069,15.44,3.552,0.313,0.134,-23.11,-22.9,0.207,82.3,-0.001,758,AF
3/21/2019 6:00,4.815,9.33,3.169,0.4,0.148,-22.73,-22.63,0.094,82.4,-0.001,758.1,AF
3/21/2019 7:00,4.574,10.32,3.969,0.356,0.189,-22.18,-22.22,-0.042,82.7,0,758.4,AF
3/21/2019 8:00,4.274,19.4,4.414,0.33,0.188,-21.83,-21.87,-0.038,83,0.573,758.8,AF
3/21/2019 9:00,2.892,36.49,5.586,0.183,0.159,-22.21,-22.14,0.068,82.7,18.77,759.2,AF
3/21/2019 10:00,2.225,27.88,8.42,0.12,0.126,-22.17,-22.19,-0.019,82.2,78.57,759.5,AF
3/21/2019 11:00,2.125,11.71,9.29,0.123,0.161,-21.38,-21.81,-0.425,81.3,150.4,759.8,AF
3/21/2019 12:00,2.957,19.95,4.936,0.164,0.143,-22.67,-22.91,-0.235,80.7,131.8,760.1,AF
3/21/2019 13:00,2.945,21.4,3.606,0.197,0.128,-23.16,-23.46,-0.3,80,254,760.5,AF
3/21/2019 14:00,3.425,36.16,4.794,0.175,0.185,-22.61,-21.82,0.787,81.1,473.9,761,AF
3/21/2019 15:00,4.815,58.7,4.133,0.331,0.204,-23.22,-21.85,1.362,81.7,493.6,761.1,AF
3/21/2019 16:00,4.473,63.22,4.022,0.281,0.153,-23.22,-22.31,0.908,81.6,465.4,761.4,AF
3/21/2019 17:00,4.556,48.59,3.739,0.229,0.208,-23.13,-22.25,0.878,81.9,413.3,761.4,AF
3/21/2019 18:00,4.436,55.48,3.532,0.274,0.164,-23.58,-22.95,0.637,81.8,260.8,761.6,AF
3/21/2019 19:00,4.288,54.16,2.531,0.241,0.139,-24.14,-24.01,0.135,81.3,173.2,762,AF
3/21/2019 20:00,4.927,52.01,3.066,0.257,0.177,-25.28,-25.18,0.102,80.3,74.57,761.9,AF
3/21/2019 21:00,5.192,58.07,2.746,0.299,0.142,-26.87,-26.28,0.584,79.38,8.95,762.4,AF
3/21/2019 22:00,5.246,55.15,2.86,0.275,0.164,-27.77,-27.09,0.678,78.62,0.177,762.7,AF
3/21/2019 23:00,5.413,64.6,3.587,0.324,0.172,-27.4,-27.18,0.22,78.68,-0.001,762.6,AF
3/22/2019 0:00,5.49,60.9,4.506,0.356,0.218,-25.98,-25.94,0.035,79.6,0,762.6,AF
3/22/2019 1:00,6.375,69.75,3.764,0.351,0.232,-25.75,-25.73,0.012,79.87,-0.001,762.9,AF
3/22/2019 2:00,7.314,66.46,3.555,0.566,0.251,-25.6,-25.73,-0.131,79.93,0,762.8,AF
3/22/2019 3:00,7.166,70.74,3.722,0.482,0.276,-25.42,-25.63,-0.2,80,0,762.8,AF
3/22/2019 4:00,7.022,68.31,3.716,0.516,0.248,-25.81,-25.86,-0.052,79.81,-0.001,762.8,AF
3/22/2019 5:00,8.21,64.96,3.934,0.757,0.287,-25.48,-25.6,-0.116,80,0,762.4,AF
3/22/2019 6:00,9.23,69.3,3.561,0.823,0.318,-24.54,-24.71,-0.174,80.7,0,762.1,AF
3/22/2019 7:00,8.78,69.01,3.501,0.797,0.293,-24.43,-24.48,-0.045,80.8,0,761.9,AF
3/22/2019 8:00,8.09,65.92,3.875,0.764,0.27,-24.17,-24.11,0.06,81,1.285,762,AF
3/22/2019 9:00,9.14,66.03,3.808,0.903,0.302,-23.41,-23.46,-0.041,81.5,30.92,762,AF
3/22/2019 10:00,10.62,68.33,3.481,1.076,0.348,-22.52,-22.67,-0.153,82,85.5,761.5,AF
3/22/2019 11:00,11.42,66.09,3.931,1.215,0.363,-22.1,-22.28,-0.171,82.1,165.3,760.6,AF
3/22/2019 12:00,12.2,68.64,3.644,1.263,0.38,-21.36,-21.48,-0.122,82.7,177.3,760.2,AF
3/22/2019 13:00,12.18,71.73,3.513,1.154,0.389,-20.8,-20.87,-0.067,83.1,222.2,759.8,AF
3/22/2019 14:00,12.67,67.52,4.141,1.368,0.417,-19.98,-20.12,-0.141,83.7,241.9,759,AF
3/22/2019 15:00,12.92,71.64,3.807,1.311,0.416,-19,-19.1,-0.104,84.5,251.1,758.5,AF
3/22/2019 16:00,13.58,70.46,3.807,1.406,0.433,-18.11,-18.21,-0.097,85.2,240.2,757.4,AF
3/22/2019 17:00,13.24,71.15,3.543,1.349,0.433,-17.22,-17.29,-0.078,86.1,207,756.7,AF
3/22/2019 18:00,14,74.63,3.783,1.247,0.468,-16.42,-16.47,-0.049,87,145.5,756,AF
3/22/2019 19:00,15.29,80.2,3.553,1.078,0.496,-15.9,-15.95,-0.052,87.6,81.8,755.2,AF
3/22/2019 20:00,15.89,80.6,3.447,1.164,0.516,-15.48,-15.54,-0.053,88.2,34.82,754.2,AF
3/22/2019 21:00,13.99,82.7,3.6,0.845,0.479,-15.17,-15.21,-0.041,88.6,6.28,754.1,AF
3/22/2019 22:00,12.91,84,3.518,0.656,0.441,-15.06,-15.09,-0.023,88.7,0.203,753.9,AF
3/22/2019 23:00,12.33,82.7,3.142,0.672,0.386,-15.04,-15.05,-0.012,88.8,-0.009,753.4,AF
3/23/2019 0:00,12.89,86,3.133,0.559,0.412,-14.67,-14.7,-0.026,89.1,0.002,752.6,AF
3/23/2019 1:00,11.57,94.6,3.712,0.429,0.348,-14.2,-14.23,-0.024,89.5,-0.002,752.8,AF
3/23/2019 2:00,9.02,94.2,3.354,0.273,0.284,-14.1,-14.14,-0.036,89.6,-0.002,752.9,AF
3/23/2019 3:00,7.08,91.7,3.087,0.167,0.208,-14,-14.06,-0.064,89.7,0.004,752.8,AF
3/23/2019 4:00,5.792,99.4,4.257,0.248,0.205,-14.02,-14.12,-0.101,89.6,0.006,752.6,AF
3/23/2019 5:00,3.302,110.7,3.19,0.287,0.13,-14.2,-14.26,-0.065,89.5,-0.009,752.6,AF
3/23/2019 6:00,2.825,113.2,2.556,0.268,0.106,-14.38,-14.42,-0.038,89.3,-0.012,752.4,AF
3/23/2019 7:00,1.312,124.6,8.02,0.196,0.108,-14.6,-14.58,0.018,89.2,-0.009,752.4,AF
3/23/2019 8:00,1.238,187.9,12.1,0.122,0.089,-15.04,-14.79,0.256,88.9,1.097,752.2,AF
3/23/2019 9:00,2.205,209.6,8.46,0.163,0.106,-15.38,-15.08,0.295,88.5,22.16,752.3,AF
3/23/2019 10:00,2.36,232.7,6.749,0.132,0.098,-15.2,-15.16,0.036,88.6,61.78,752.3,AF
3/23/2019 11:00,1.639,256.8,17.67,0.149,0.125,-14.16,-14.28,-0.12,89,130.8,752.3,AF
3/23/2019 12:00,0.639,273.1,30.81,0.1,0.083,-12.34,-12.24,0.098,89.5,198.6,752.3,AF
3/23/2019 13:00,0.627,32.88,15.33,0.115,0.087,-12.05,-12.05,0.002,88.5,231.7,752.3,AF
3/23/2019 14:00,0.989,42.13,12.47,0.12,0.1,-11.52,-11.76,-0.236,91.4,273,752.2,AF
3/23/2019 15:00,1.303,119.2,22.27,0.158,0.132,-11.27,-10.69,0.583,89.8,331.8,752.2,AF
3/23/2019 16:00,1.262,136.2,11.69,0.159,0.127,-11.17,-9.99,1.18,89.8,343.5,752.1,AF
3/23/2019 17:00,1.728,85.5,9.97,0.099,0.082,-11.6,-10.47,1.124,90.6,275.8,752,AF
3/23/2019 18:00,1.456,96.3,8.59,0.104,0.109,-11.39,-11.14,0.254,90.6,161.4,752,AF
3/23/2019 19:00,0.666,65.7,15.96,0.117,0.098,-10.44,-10.71,-0.271,91.5,127.1,752.3,AF
3/23/2019 20:00,2.125,43.37,6.208,0.18,0.103,-12.4,-12.36,0.042,91.3,43.76,752.1,AF
3/23/2019 21:00,1.472,61.25,12.49,0.132,0.101,-12.35,-12.46,-0.105,90.9,9.4,752.3,AF
3/23/2019 22:00,1.301,90.2,7.82,0.093,0.101,-12.3,-12.41,-0.114,90.9,0.308,752.5,AF
3/23/2019 23:00,2.837,86.6,5.872,0.109,0.131,-12.29,-12.41,-0.118,90.8,0.016,752.4,AF
3/24/2019 0:00,3.278,113.7,8.36,0.233,0.178,-12.34,-12.49,-0.142,90.7,0.002,752.6,AF
3/24/2019 1:00,4.513,125.9,5.957,0.427,0.174,-11.95,-12.09,-0.14,90.7,0,752.5,AF
3/24/2019 2:00,1.895,134.4,12.23,0.198,0.137,-11.87,-11.83,0.041,91.3,0,752.7,AF
3/24/2019 3:00,2.349,126,8.57,0.215,0.12,-12.12,-11.72,0.399,91.1,-0.001,752.8,AF
3/24/2019 4:00,2.226,83.3,16.2,0.143,0.11,-12.26,-11.89,0.371,91.2,-0.025,753,AF
3/24/2019 5:00,2.47,84.7,9.39,0.086,0.112,-12.82,-12.14,0.676,90.8,0.008,753.1,AF
3/24/2019 6:00,3.058,113.8,7.509,0.114,0.123,-12.79,-12.06,0.738,90.6,-0.021,753.1,AF
3/24/2019 7:00,3.668,141.5,6.535,0.127,0.182,-13.17,-12.4,0.773,90,0.067,753.3,AF
3/24/2019 8:00,3.135,144.1,5.219,0.042,0.079,-13.19,-11.57,1.618,89.6,1.662,753.3,AF
3/24/2019 9:00,3.779,162.7,6.412,0.13,0.142,-13.29,-10.68,2.618,89.5,17.46,753.6,AF
3/24/2019 10:00,3.722,196.6,11.84,0.284,0.139,-12.41,-9.31,3.101,90.2,55.63,753.7,AF
3/24/2019 11:00,4.368,199.3,10.35,0.287,0.169,-8.71,-6.078,2.629,92.7,178.9,753.7,AF
3/24/2019 12:00,3.778,185.2,14.42,0.207,0.177,-4.867,-4.789,0.078,93,293.7,753.9,AF
3/24/2019 13:00,3.707,200.7,13.3,0.291,0.141,-2.788,-2.887,-0.098,96.1,290,754,AF
3/24/2019 14:00,4.435,175.7,6.629,0.244,0.156,-2.564,-1.656,0.908,95,343.5,754,AF
3/24/2019 15:00,4.955,179.9,2.885,0.331,0.116,-2.98,-1.518,1.462,94.9,346.8,754.1,AF
3/24/2019 16:00,3.658,173.4,6.839,0.174,0.156,-3.376,-1.681,1.694,93.6,314.6,754,AF
3/24/2019 17:00,4.382,183.9,8.42,0.336,0.169,-1.982,-1.033,0.949,95.1,375.1,754.1,AF
3/24/2019 18:00,4.025,172.6,6.95,0.183,0.187,-2.408,-0.93,1.478,94.7,248.3,753.9,AF
3/24/2019 19:00,3.919,149.6,4.548,0.094,0.148,-3.693,-2.081,1.612,93.1,135.1,753.6,AF
3/24/2019 20:00,4.71,154.7,3.909,0.057,0.137,-4.338,-2.697,1.641,91.9,77.7,753.4,AF
3/24/2019 21:00,4.36,161.2,4.299,0.056,0.136,-5.831,-3.939,1.892,93.1,17.94,753.3,AF
3/24/2019 22:00,4.356,169.8,6.806,0.089,0.282,-4.54,-2.895,1.644,91.4,0.773,753.2,AF
3/24/2019 23:00,3.372,168.1,6.132,0.093,0.204,-5.257,-2.391,2.865,90.4,0.083,752.9,AF
3/25/2019 0:00,2.525,171.3,18.84,0.147,0.127,-6.972,-3.925,3.047,93.9,0.021,752.7,AF
3/25/2019 1:00,2.746,153.3,26.96,0.127,0.147,-6.997,-4.098,2.899,91.2,-0.07,752.4,AF
3/25/2019 2:00,2.525,134.1,31.99,0.123,0.144,-8.01,-5.321,2.688,92.3,0.063,752.4,AF
3/25/2019 3:00,2.909,163.1,17.44,0.109,0.144,-7.49,-4.147,3.342,92.4,0.067,752.2,AF
3/25/2019 4:00,2.89,251.2,17.23,0.249,0.166,-7.42,-5.324,2.096,93.9,-0.067,752.5,AF
3/25/2019 5:00,6.369,245.7,8.88,0.614,0.164,-6.996,-5.261,1.734,94.4,0.029,752.8,AF
3/25/2019 6:00,7.491,239.6,3.837,0.667,0.147,-6.992,-5.62,1.372,93.9,-0.005,753.3,AF
3/25/2019 7:00,9,244.3,2.508,0.908,0.193,-6.367,-4.894,1.472,95,0.019,753.6,AF
3/25/2019 8:00,8.94,240.3,2.742,0.939,0.158,-6.57,-5.299,1.271,94.1,2.522,754,AF
3/25/2019 9:00,6.806,228.1,4.727,0.55,0.218,-7.093,-6.237,0.856,93.7,22.18,754.6,AF
3/25/2019 10:00,7.13,226.5,3.96,0.544,0.209,-6.294,-5.957,0.337,92.2,110.9,755,AF
3/25/2019 11:00,6.454,225.4,4.947,0.507,0.205,-5.051,-5.394,-0.343,89.3,227.7,755.4,AF
3/25/2019 12:00,7.131,232.3,4.181,0.66,0.209,-3.644,-4.079,-0.435,89.8,285.4,755.8,AF
3/25/2019 13:00,8.62,247.2,3.379,0.996,0.208,-2.293,-2.348,-0.055,91.1,369.5,756.2,AF
3/25/2019 14:00,7.102,249.7,3.04,0.827,0.148,-2.065,-1.539,0.526,91.5,396.6,756.5,AF
3/25/2019 15:00,5.641,238.9,2.886,0.571,0.136,-2.873,-2.394,0.479,91.5,410.2,756.8,AF
3/25/2019 16:00,4.696,226.2,7.426,0.39,0.165,-3.201,-3.21,-0.009,91.8,379.5,757,AF
3/25/2019 17:00,4.017,228.5,6.822,0.346,0.133,-3.179,-2.78,0.399,92,330.3,757,AF
3/25/2019 18:00,2.854,225.7,7.953,0.262,0.115,-3.649,-3.006,0.643,92.1,248.7,757.1,AF
3/25/2019 19:00,2.952,224.5,6.188,0.268,0.116,-4.166,-2.887,1.279,92.3,159.5,757,AF
3/25/2019 20:00,1.607,197.7,19.51,0.139,0.103,-5.376,-3.021,2.355,92.9,67.18,756.8,AF
3/25/2019 21:00,2.474,146.9,5.482,0.065,0.068,-6.713,-4.831,1.882,96.2,14.19,756.9,AF
3/25/2019 22:00,2.112,135.7,7.339,0.081,0.09,-7.594,-5.353,2.241,96.5,0.783,756.8,AF
3/25/2019 23:00,2.225,108.2,5.858,0.065,0.094,-8.82,-6.526,2.29,95.6,-0.064,756.6,AF
3/26/2019 0:00,2.737,106.3,4.71,0.087,0.071,-9.39,-7.317,2.075,94.4,-0.081,756.4,AF
3/26/2019 1:00,3.212,96.9,6.106,0.028,0.143,-10.8,-8.52,2.275,93.4,-0.027,756.1,AF
3/26/2019 2:00,5.745,84.5,4.743,0.105,0.17,-10.1,-9.23,0.871,94.1,-0.017,755.9,AF
3/26/2019 3:00,5.038,89.5,4.496,0.092,0.149,-10.62,-10.41,0.215,93,-0.003,755.7,AF
3/26/2019 4:00,5.716,89.5,6.599,0.149,0.185,-10.27,-10.13,0.142,93.1,0.001,755.4,AF
3/26/2019 5:00,5.496,97.2,8.8,0.142,0.202,-9.69,-9.61,0.08,93.5,0.009,755,AF
3/26/2019 6:00,4.25,114.2,5.453,0.268,0.166,-8.97,-8.82,0.149,93.5,0.018,754.9,AF
3/26/2019 7:00,3.755,96.6,7.274,0.119,0.171,-7.948,-7.684,0.264,94.5,0.049,754.9,AF
3/26/2019 8:00,4.08,81.2,5.881,0.088,0.158,-7.442,-7.361,0.08,95.4,1.955,754.7,AF
3/26/2019 9:00,6.007,96.2,5.04,0.155,0.196,-6.426,-6.401,0.025,96.2,24.73,754.4,AF
3/26/2019 10:00,5.549,107.2,3.788,0.27,0.198,-5.783,-5.676,0.107,96.1,76.63,754.2,AF
3/26/2019 11:00,4.453,111.1,3.193,0.292,0.154,-4.802,-4.795,0.007,95.9,167.5,754.3,AF
3/26/2019 12:00,4.338,128.5,4.202,0.324,0.138,-2.834,-2.925,-0.091,94.4,239.8,754.4,AF
3/26/2019 13:00,3.705,140.2,5.414,0.258,0.139,-0.967,-0.908,0.059,93.4,240.8,754.6,AF
3/26/2019 14:00,3.667,145.9,3.927,0.243,0.15,0.259,0.229,-0.031,92.4,252.6,754.7,AF
3/26/2019 15:00,4.738,186.5,6.228,0.314,0.18,0.764,1.274,0.51,92.7,246.6,754.6,AF
3/26/2019 16:00,5.834,200.1,4.499,0.462,0.183,1.685,1.969,0.285,91.1,249.8,754.7,AF
3/26/2019 17:00,7.661,214.8,3.516,0.665,0.204,1.795,1.965,0.17,86,227.4,754.9,AF
3/26/2019 18:00,5.802,215,4.417,0.486,0.178,1.485,1.559,0.074,87.6,175.9,755.2,AF
3/26/2019 19:00,5.956,224.9,4.871,0.468,0.21,1.342,1.443,0.1,88,93.6,755.5,AF
3/26/2019 20:00,6.755,228.5,4.651,0.563,0.186,1.165,1.391,0.227,86.8,76.61,755.8,AF
3/26/2019 21:00,6.062,236.6,5.375,0.594,0.114,0.656,1.233,0.577,86.4,45.63,756.1,AF
3/26/2019 22:00,6.303,228.2,4.316,0.555,0.125,-1.506,-0.109,1.397,88.5,1.647,756.4,AF
3/26/2019 23:00,6.5,227.9,5.182,0.571,0.176,-3.459,-2.169,1.29,84.8,-0.13,756.5,AF
3/27/2019 0:00,6.729,208.5,3.26,0.55,0.127,-4.555,-2.481,2.074,86.2,-0.174,756.8,AF
3/27/2019 1:00,7.253,222.3,4.431,0.555,0.188,-4.297,-2.666,1.63,83.9,-0.147,757,AF
3/27/2019 2:00,6.851,220.6,4.552,0.578,0.191,-5.366,-4.435,0.931,86.7,-0.149,757.3,AF
3/27/2019 3:00,7.274,226.9,5.744,0.665,0.186,-5.316,-4.294,1.022,88.1,-0.123,757.8,AF
3/27/2019 4:00,6.945,217,6.296,0.521,0.246,-5.518,-4.69,0.828,88.9,-0.165,758.3,AF
3/27/2019 5:00,8.26,229.5,3.471,0.731,0.215,-5.246,-4.291,0.955,87.8,-0.066,758.6,AF
3/27/2019 6:00,7.624,221.2,4.845,0.643,0.236,-5.592,-4.832,0.76,86,-0.145,758.8,AF
3/27/2019 7:00,6.59,221.4,4.766,0.494,0.238,-6.048,-4.866,1.182,85.4,-0.074,759.1,AF
3/27/2019 8:00,6.582,214,4.707,0.527,0.247,-6.712,-5.423,1.29,85.6,5.067,759.2,AF
3/27/2019 9:00,8.75,203.8,2.75,0.713,0.176,-7.333,-6.423,0.911,84.1,40.52,759.2,AF
3/27/2019 10:00,8.83,203.6,2.828,0.715,0.189,-6.461,-5.695,0.766,76.92,134.5,759.3,AF
3/27/2019 11:00,8.41,200.8,3.504,0.684,0.235,-5.13,-4.567,0.564,72.46,237.1,759.3,AF
3/27/2019 12:00,8.26,193.9,4.086,0.642,0.253,-4.555,-4.266,0.289,71.22,320.4,759.4,AF
3/27/2019 13:00,9.26,195.9,3.928,0.77,0.284,-3.475,-3.269,0.206,71.53,374.9,759.4,AF
3/27/2019 14:00,9.61,203.6,5.57,0.873,0.332,-1.833,-1.645,0.187,72.47,460.4,759.3,AF
3/27/2019 15:00,12.57,229.6,4.466,1.392,0.625,-0.334,-0.06,0.274,75.01,434.5,759.2,AF
3/27/2019 16:00,13.59,227.9,3.84,1.428,0.407,-0.354,-0.082,0.272,76.92,361.4,759.2,AF
3/27/2019 17:00,10.29,218.4,4.439,1.018,0.336,-0.578,-0.415,0.163,77.02,320.6,759.4,AF
3/27/2019 18:00,9.69,214.8,3.501,0.979,0.265,-0.836,-0.627,0.209,77.8,263.3,759.6,AF
3/27/2019 19:00,9.02,215.1,3.356,0.935,0.23,-1.36,-1.158,0.201,78.3,166.7,759.6,AF
3/27/2019 20:00,8.13,203.7,3.451,0.78,0.216,-2.535,-1.932,0.603,78.13,81.1,759.5,AF
3/27/2019 21:00,7.669,201.9,2.83,0.702,0.153,-4.148,-3.085,1.063,80.7,25.37,759.4,AF
3/27/2019 22:00,8.08,204.2,2.956,0.741,0.161,-5.74,-4.534,1.207,83.9,1.285,759.3,AF
3/27/2019 23:00,7.77,205.5,3.427,0.717,0.156,-6.434,-5.323,1.11,81.7,-0.106,759.4,AF
3/28/2019 0:00,8.08,203.1,4.175,0.755,0.156,-6.351,-5.157,1.193,77.41,-0.095,759.5,AF
3/28/2019 1:00,7.957,194.4,2.435,0.677,0.131,-6.985,-5.822,1.163,77.84,-0.098,759.6,AF
3/28/2019 2:00,8.07,195.5,2.87,0.693,0.161,-7.326,-6.264,1.063,76.95,-0.077,759.6,AF
3/28/2019 3:00,7.266,199.4,2.368,0.669,0.126,-7.615,-6.283,1.332,79.37,-0.086,759.6,AF
3/28/2019 4:00,7.497,195.3,2.514,0.647,0.12,-7.655,-6.369,1.287,78.01,-0.079,759.2,AF
3/28/2019 5:00,8.11,193.6,2.785,0.694,0.154,-7.333,-6.128,1.205,77.87,-0.049,759,AF
3/28/2019 6:00,8.88,195.2,3.246,0.766,0.21,-6.784,-5.755,1.029,78.04,-0.003,759,AF
3/28/2019 7:00,8.71,205.9,3.566,0.832,0.187,-6.004,-5.064,0.94,79.76,0.041,758.9,AF
3/28/2019 8:00,8.97,210.6,3.011,0.88,0.185,-5.411,-4.534,0.876,83.4,3.903,758.9,AF
3/28/2019 9:00,8.24,218.1,4.458,0.781,0.264,-3.783,-3.413,0.37,82.1,27.9,758.9,AF
3/28/2019 10:00,7.509,220.6,5.015,0.711,0.281,-3.213,-3.143,0.07,81.3,86.6,759,AF
3/28/2019 11:00,7.279,220,4.622,0.7,0.203,-3.236,-3.178,0.058,81.5,134.2,759.1,AF
3/28/2019 12:00,5.847,219.3,4.321,0.561,0.152,-3.405,-3.556,-0.15,78.34,234.6,759.2,AF
3/28/2019 13:00,6.011,226,6.151,0.578,0.163,-2.413,-2.817,-0.404,77.19,406.1,759.3,AF
3/28/2019 14:00,4.611,244.3,8.13,0.582,0.149,-2.686,-2.846,-0.16,78.72,439.1,759.4,AF
3/28/2019 15:00,4.451,213.2,10.48,0.418,0.172,-3.264,-3.293,-0.029,79.53,366.3,759.4,AF
3/28/2019 16:00,5.586,212.8,5.454,0.518,0.221,-3.414,-3.062,0.352,81.8,269.5,759.4,AF
3/28/2019 17:00,6.485,213.8,3.622,0.64,0.163,-2.176,-2.06,0.115,82,356.6,759.6,AF
3/28/2019 18:00,6.206,215.7,3.844,0.567,0.176,-2.157,-2.063,0.093,84.5,268.7,759.8,AF
3/28/2019 19:00,6.086,213.8,3.644,0.544,0.137,-2.952,-2.635,0.317,86.8,183.6,759.9,AF
3/28/2019 20:00,6.357,220.3,4.731,0.541,0.183,-3.349,-2.962,0.388,89.5,65.98,760.1,AF
3/28/2019 21:00,7.268,230,4.397,0.738,0.235,-3.422,-2.996,0.426,88.4,25.72,760.2,AF
3/28/2019 22:00,7.064,229.6,4.736,0.694,0.227,-4.142,-3.651,0.49,88,1.714,760.5,AF
3/28/2019 23:00,7.093,236,5.228,0.82,0.246,-3.374,-2.9,0.474,87.2,0.006,760.8,AF
3/29/2019 0:00,7.262,219.8,4.866,0.643,0.232,-4.147,-3.644,0.503,87.1,-0.096,761.1,AF
3/29/2019 1:00,8.4,224.7,4.41,0.766,0.269,-4.723,-4.4,0.322,87.4,-0.086,761.4,AF
3/29/2019 2:00,8.37,231.2,3.272,0.853,0.193,-5.507,-5.051,0.456,88,-0.065,761.8,AF
3/29/2019 3:00,7.827,231.5,3.365,0.787,0.215,-5.255,-4.742,0.512,88.9,-0.061,762.1,AF
3/29/2019 4:00,7.868,241.7,3.338,0.926,0.202,-5.419,-4.888,0.53,89.5,-0.01,762.6,AF
3/29/2019 5:00,7.738,241.5,3.475,0.937,0.203,-4.402,-4.058,0.344,88.5,0,763,AF
3/29/2019 6:00,7.389,232.6,4.527,0.747,0.224,-4.342,-4.088,0.254,91.9,-0.042,763.3,AF
3/29/2019 7:00,7.63,237.4,3.615,0.874,0.265,-4.169,-3.801,0.368,91.3,0.092,763.6,AF
3/29/2019 8:00,7.866,240,3.112,0.952,0.193,-3.615,-3.434,0.181,97.9,5.573,764,AF
3/29/2019 9:00,8.51,241.5,3.613,1.038,0.255,-3.22,-3.005,0.216,93.9,33.54,764.3,AF
3/29/2019 10:00,7.931,244.5,3.691,1.001,0.23,-2.975,-2.874,0.101,94.4,107.1,764.9,AF
3/29/2019 11:00,7.478,235.5,4.279,0.802,0.196,-4.304,-4.046,0.258,83.1,222.9,765.4,AF
3/29/2019 12:00,7.165,243.2,3.389,0.854,0.192,-3.774,-3.734,0.04,81.6,326.9,765.8,AF
3/29/2019 13:00,6.159,236.3,4.041,0.695,0.165,-3.926,-4.006,-0.08,80.6,401.6,766.2,AF
3/29/2019 14:00,6.76,221.6,5.08,0.615,0.236,-2.852,-3.138,-0.286,81.8,442.6,766.5,AF
3/29/2019 15:00,7.785,225.8,4.655,0.76,0.276,-1.808,-2.011,-0.203,81.7,390.3,766.6,AF
3/29/2019 16:00,8.22,227.5,3.991,0.815,0.244,-1.64,-1.737,-0.096,83,346,766.7,AF
3/29/2019 17:00,8.44,231.6,3.415,0.908,0.24,-0.85,-0.928,-0.078,82.4,259.6,766.9,AF
3/29/2019 18:00,9.16,234.3,3.026,1.076,0.238,-0.78,-0.739,0.042,83.2,242.8,767.1,AF
3/29/2019 19:00,8.17,230.4,3.529,0.847,0.205,-1.79,-1.587,0.202,84.3,151,766.9,AF
3/29/2019 20:00,8.23,243,3.787,1.006,0.23,-1.583,-1.318,0.265,86.6,63.55,766.9,AF
3/29/2019 21:00,6.583,226.8,8.55,0.67,0.199,-2.156,-1.885,0.271,88.3,18.59,767,AF
3/29/2019 22:00,6.467,222.7,5.916,0.636,0.186,-3.222,-2.73,0.491,87.1,1.684,766.7,AF
3/29/2019 23:00,7.098,203,4.604,0.648,0.169,-4.043,-3.577,0.466,86.1,-0.045,766.3,AF
3/30/2019 0:00,7.086,182.8,5.296,0.545,0.197,-4.298,-3.973,0.325,85.5,-0.031,765.7,AF
3/30/2019 1:00,7.816,174.5,2.713,0.567,0.196,-4.887,-4.33,0.557,82.5,-0.038,765,AF
3/30/2019 2:00,9.16,179,2.967,0.694,0.258,-4.597,-4.273,0.324,78.15,-0.027,764.5,AF
3/30/2019 3:00,9.53,185.5,4.098,0.711,0.29,-3.805,-3.579,0.226,76.07,-0.001,763.8,AF
3/30/2019 4:00,10.01,195.8,4.592,0.926,0.33,-2.276,-1.948,0.328,87,0.051,763,AF
3/30/2019 5:00,11.65,211.4,4.302,1.208,0.331,-0.319,0.301,0.62,86.6,0.02,762.4,AF
3/30/2019 6:00,10.74,209.4,3.945,1.084,0.331,-0.179,0.221,0.4,76.49,-0.001,762.1,AF
3/30/2019 7:00,13.72,224.4,4.664,1.346,0.429,0.411,0.689,0.278,93,0.06,761.7,AF
3/30/2019 8:00,13.15,223,4.696,1.289,0.424,0.617,0.841,0.224,92,4.89,761.2,AF
3/30/2019 9:00,13.5,230.2,3.449,1.496,0.335,0.966,1.261,0.295,89.8,26.19,761,AF
3/30/2019 10:00,13.39,237.1,3.022,1.699,0.356,1.331,1.594,0.264,85.7,70.08,761,AF
3/30/2019 11:00,12.64,240.8,3.113,1.654,0.326,1.335,1.494,0.159,86.3,119.5,761,AF
3/30/2019 12:00,13.3,243,3.119,1.78,0.346,1.236,1.247,0.011,88.7,202.1,761.1,AF
3/30/2019 13:00,11.03,247.5,3.418,1.479,0.296,0.969,0.861,-0.108,93.7,240.5,761.5,AF
3/30/2019 14:00,9.57,248.8,3.482,1.267,0.264,0.919,0.804,-0.116,94,245.3,762,AF
3/30/2019 15:00,9.85,253.3,3.495,1.352,0.288,0.587,0.393,-0.194,95,271.1,762.4,AF
3/30/2019 16:00,8.63,250.2,3.748,1.159,0.284,0.584,0.359,-0.225,94.9,248.4,762.8,AF
